job_id,date_posted,knowledge,confidence_score,confidence_tier,source,job_date,job_year,job_month
in-e60f7f8e30553e08,,infrastructure as code,0.75,Medium High,GPT,2025-04-04,2025,2025-04
in-e60f7f8e30553e08,,configuration scripts,0.75,Medium High,GPT,2025-04-04,2025,2025-04
in-e60f7f8e30553e08,,production environment,0.75,Medium High,GPT,2025-04-04,2025,2025-04
in-f8982109357c56e0,,data engineering,0.826,High,BERT+GPT,2025-08-15,2025,2025-08
in-f8982109357c56e0,,machine learning,0.822,High,BERT+GPT,2025-08-15,2025,2025-08
in-f8982109357c56e0,,creative experimentation,0.827,High,BERT+GPT,2025-08-15,2025,2025-08
in-ea2cd0b0c6f52f4f,,foundation models,0.75,Medium High,GPT,2025-11-04,2025,2025-11
in-ea2cd0b0c6f52f4f,,microscopic motion of atoms,0.75,Medium High,GPT,2025-11-04,2025,2025-11
in-ea2cd0b0c6f52f4f,,macroscopic flow of liquids,0.75,Medium High,GPT,2025-11-04,2025,2025-11
in-ea2cd0b0c6f52f4f,,data centers,0.75,Medium High,GPT,2025-11-04,2025,2025-11
in-6e0bef22111034dc,,mechanical engineering,0.75,Medium High,GPT,2025-11-26,2025,2025-11
in-6e0bef22111034dc,,water systems,0.75,Medium High,GPT,2025-11-26,2025,2025-11
in-879b2fe47e1fbc66,,EHR,0.75,Medium High,GPT,2025-11-25,2025,2025-11
in-b743930ff16064e7,,science,0.75,Medium High,GPT,2025-12-01,2025,2025-12
in-b743930ff16064e7,,engineering,0.75,Medium High,GPT,2025-12-01,2025,2025-12
in-b743930ff16064e7,,data analytics,0.75,Medium High,GPT,2025-12-01,2025,2025-12
in-b743930ff16064e7,,technology,0.75,Medium High,GPT,2025-12-01,2025,2025-12
in-3787ada24baceced,,AI,0.823,High,BERT+GPT,2025-11-19,2025,2025-11
in-3787ada24baceced,,Machine Learning,0.822,High,BERT+GPT,2025-11-19,2025,2025-11
in-3787ada24baceced,,LLM,0.827,High,BERT+GPT,2025-11-19,2025,2025-11
in-dcd8dd1044f2926f,,stormwater management,0.831,High,BERT+GPT,2025-11-21,2025,2025-11
in-dcd8dd1044f2926f,,watershed planning,0.75,Medium High,GPT,2025-11-21,2025,2025-11
in-04d821a61bf4f3f8,,AWS,0.75,Medium High,GPT,2025-05-05,2025,2025-05
in-04d821a61bf4f3f8,,cloud environments,0.75,Medium High,GPT,2025-05-05,2025,2025-05
in-6434f75ccfa896cd,,ERP,0.75,Medium High,GPT,2025-11-25,2025,2025-11
in-6434f75ccfa896cd,,integrated applications,0.75,Medium High,GPT,2025-11-25,2025,2025-11
in-59f89f855608fde0,,Databricks,0.75,Medium High,GPT,2025-11-26,2025,2025-11
in-59f89f855608fde0,,Spark,0.75,Medium High,GPT,2025-11-26,2025,2025-11
in-59f89f855608fde0,,Kafka,0.75,Medium High,GPT,2025-11-26,2025,2025-11
in-59f89f855608fde0,,Airflow,0.75,Medium High,GPT,2025-11-26,2025,2025-11
in-59f89f855608fde0,,Temporal,0.75,Medium High,GPT,2025-11-26,2025,2025-11
in-59f89f855608fde0,,dbt,0.75,Medium High,GPT,2025-11-26,2025,2025-11
in-59f89f855608fde0,,Terraform,0.75,Medium High,GPT,2025-11-26,2025,2025-11
in-59f89f855608fde0,,AWS,0.75,Medium High,GPT,2025-11-26,2025,2025-11
in-59f89f855608fde0,,S3,0.75,Medium High,GPT,2025-11-26,2025,2025-11
in-59f89f855608fde0,,EKS,0.75,Medium High,GPT,2025-11-26,2025,2025-11
in-59f89f855608fde0,,MSK,0.75,Medium High,GPT,2025-11-26,2025,2025-11
in-59f89f855608fde0,,DMS,0.75,Medium High,GPT,2025-11-26,2025,2025-11
in-59f89f855608fde0,,Glue,0.75,Medium High,GPT,2025-11-26,2025,2025-11
in-59f89f855608fde0,,data engineering,0.75,Medium High,GPT,2025-11-26,2025,2025-11
in-59f89f855608fde0,,machine learning lifecycle,0.75,Medium High,GPT,2025-11-26,2025,2025-11
in-59f89f855608fde0,,MLOps,0.75,Medium High,GPT,2025-11-26,2025,2025-11
in-59f89f855608fde0,,GenAI,0.75,Medium High,GPT,2025-11-26,2025,2025-11
in-59f89f855608fde0,,emerging technologies,0.75,Medium High,GPT,2025-11-26,2025,2025-11
in-7f1b7715acb11a2e,,Nerdio,0.75,Medium High,GPT,2025-11-21,2025,2025-11
in-7f1b7715acb11a2e,,cloud environments,0.75,Medium High,GPT,2025-11-21,2025,2025-11
in-7f1b7715acb11a2e,,multi-tenant technology,0.75,Medium High,GPT,2025-11-21,2025,2025-11
in-7f1b7715acb11a2e,,workflow-powered technology,0.75,Medium High,GPT,2025-11-21,2025,2025-11
in-4253237d507304c7,,Trainium,0.75,Medium High,GPT,2025-05-06,2025,2025-05
in-4253237d507304c7,,ML training,0.75,Medium High,GPT,2025-05-06,2025,2025-05
in-4253237d507304c7,,teraflops,0.75,Medium High,GPT,2025-05-06,2025,2025-05
in-4253237d507304c7,,TFLOPS,0.75,Medium High,GPT,2025-05-06,2025,2025-05
in-4253237d507304c7,,cloud,0.75,Medium High,GPT,2025-05-06,2025,2025-05
in-2ea46d88545e7e84,,Pegasus,0.75,Medium High,GPT,2025-11-24,2025,2025-11
in-81cfe369e4ad49b5,,Global Medical,0.75,Medium High,GPT,2025-12-01,2025,2025-12
in-81cfe369e4ad49b5,,Security,0.75,Medium High,GPT,2025-12-01,2025,2025-12
in-81cfe369e4ad49b5,,Travel Assistance,0.75,Medium High,GPT,2025-12-01,2025,2025-12
in-81cfe369e4ad49b5,,Workplace Ergonomics Program,0.75,Medium High,GPT,2025-12-01,2025,2025-12
in-bf0e9f6211607d23,,design systems,0.75,Medium High,GPT,2025-11-28,2025,2025-11
in-bf0e9f6211607d23,,emerging technologies,0.75,Medium High,GPT,2025-11-28,2025,2025-11
in-bf0e9f6211607d23,,user experiences,0.75,Medium High,GPT,2025-11-28,2025,2025-11
in-f0b8e867898d9fc7,,change management,0.831,High,BERT+GPT,2025-12-01,2025,2025-12
in-f0b8e867898d9fc7,,business process optimization,0.828,High,BERT+GPT,2025-12-01,2025,2025-12
in-68c8bc8b4022b6bd,,.NET,0.828,High,BERT+GPT,2025-10-19,2025,2025-10
in-68c8bc8b4022b6bd,,C#,0.75,Medium High,GPT,2025-10-19,2025,2025-10
in-68c8bc8b4022b6bd,,React.js,0.829,High,BERT+GPT,2025-10-19,2025,2025-10
in-68c8bc8b4022b6bd,,Next.js,0.829,High,BERT+GPT,2025-10-19,2025,2025-10
in-68c8bc8b4022b6bd,,Angular.js,0.831,High,BERT+GPT,2025-10-19,2025,2025-10
in-68c8bc8b4022b6bd,,Microservices,0.829,High,BERT+GPT,2025-10-19,2025,2025-10
in-68c8bc8b4022b6bd,,GraphQL (Apollo),0.83,High,BERT+GPT,2025-10-19,2025,2025-10
in-68c8bc8b4022b6bd,,RESTful APIs,0.829,High,BERT+GPT,2025-10-19,2025,2025-10
in-68c8bc8b4022b6bd,,Domain-driven design,0.75,Medium High,GPT,2025-10-19,2025,2025-10
in-68c8bc8b4022b6bd,,GitHub Actions,0.75,Medium High,GPT,2025-10-19,2025,2025-10
in-68c8bc8b4022b6bd,,Jenkins,0.828,High,BERT+GPT,2025-10-19,2025,2025-10
in-68c8bc8b4022b6bd,,Bitbucket Pipelines,0.75,Medium High,GPT,2025-10-19,2025,2025-10
in-68c8bc8b4022b6bd,,Gitlab Runners,0.75,Medium High,GPT,2025-10-19,2025,2025-10
in-68c8bc8b4022b6bd,,AWS,0.75,Medium High,GPT,2025-10-19,2025,2025-10
in-68c8bc8b4022b6bd,,Docker,0.75,Medium High,GPT,2025-10-19,2025,2025-10
in-68c8bc8b4022b6bd,,Kubernetes,0.75,Medium High,GPT,2025-10-19,2025,2025-10
in-68c8bc8b4022b6bd,,GenAI Studio,0.75,Medium High,GPT,2025-10-19,2025,2025-10
in-68c8bc8b4022b6bd,,Copilot,0.75,Medium High,GPT,2025-10-19,2025,2025-10
in-68c8bc8b4022b6bd,,RooCode,0.75,Medium High,GPT,2025-10-19,2025,2025-10
in-68c8bc8b4022b6bd,,Cline,0.75,Medium High,GPT,2025-10-19,2025,2025-10
in-68c8bc8b4022b6bd,,C,0.532,Medium Low,BERT (standalone),2025-10-19,2025,2025-10
in-68c8bc8b4022b6bd,,"#,",0.532,Medium Low,BERT (standalone),2025-10-19,2025,2025-10
in-68c8bc8b4022b6bd,,Architecture:,0.532,Medium Low,BERT (standalone),2025-10-19,2025,2025-10
in-68c8bc8b4022b6bd,,domain,0.532,Medium Low,BERT (standalone),2025-10-19,2025,2025-10
in-68c8bc8b4022b6bd,,-driven design.,0.532,Medium Low,BERT (standalone),2025-10-19,2025,2025-10
in-68c8bc8b4022b6bd,,CI,0.532,Medium Low,BERT (standalone),2025-10-19,2025,2025-10
in-68c8bc8b4022b6bd,,/,0.532,Medium Low,BERT (standalone),2025-10-19,2025,2025-10
in-68c8bc8b4022b6bd,,CD:,0.532,Medium Low,BERT (standalone),2025-10-19,2025,2025-10
in-68c8bc8b4022b6bd,,GitHub,0.532,Medium Low,BERT (standalone),2025-10-19,2025,2025-10
in-68c8bc8b4022b6bd,,"Actions,",0.532,Medium Low,BERT (standalone),2025-10-19,2025,2025-10
in-68c8bc8b4022b6bd,,Bitbucket,0.532,Medium Low,BERT (standalone),2025-10-19,2025,2025-10
in-68c8bc8b4022b6bd,,"Pipelines,",0.532,Medium Low,BERT (standalone),2025-10-19,2025,2025-10
in-68c8bc8b4022b6bd,,Gitlab,0.532,Medium Low,BERT (standalone),2025-10-19,2025,2025-10
in-68c8bc8b4022b6bd,,Runners.,0.532,Medium Low,BERT (standalone),2025-10-19,2025,2025-10
in-68c8bc8b4022b6bd,,Cloud,0.532,Medium Low,BERT (standalone),2025-10-19,2025,2025-10
in-9068e588b7dc4f2d,,AI infrastructure,0.75,Medium High,GPT,2025-11-25,2025,2025-11
in-9068e588b7dc4f2d,,portfolio management,0.75,Medium High,GPT,2025-11-25,2025,2025-11
in-9068e588b7dc4f2d,,analytics platform,0.75,Medium High,GPT,2025-11-25,2025,2025-11
in-ea5fe0c67dbb09a7,,Java,0.826,High,BERT+GPT,2025-11-06,2025,2025-11
in-ea5fe0c67dbb09a7,,Spring Boot,0.831,High,BERT+GPT,2025-11-06,2025,2025-11
in-ea5fe0c67dbb09a7,,ReactJS,0.831,High,BERT+GPT,2025-11-06,2025,2025-11
in-ea5fe0c67dbb09a7,,Node.js,0.824,High,BERT+GPT,2025-11-06,2025,2025-11
in-ea5fe0c67dbb09a7,,HTML5,0.75,Medium High,GPT,2025-11-06,2025,2025-11
in-ea5fe0c67dbb09a7,,CSS3,0.827,High,BERT+GPT,2025-11-06,2025,2025-11
in-ea5fe0c67dbb09a7,,JavaScript,0.823,High,BERT+GPT,2025-11-06,2025,2025-11
in-ea5fe0c67dbb09a7,,JSON,0.826,High,BERT+GPT,2025-11-06,2025,2025-11
in-ea5fe0c67dbb09a7,,jQuery,0.822,High,BERT+GPT,2025-11-06,2025,2025-11
in-ea5fe0c67dbb09a7,,Kafka,0.75,Medium High,GPT,2025-11-06,2025,2025-11
in-ea5fe0c67dbb09a7,,Oracle,0.75,Medium High,GPT,2025-11-06,2025,2025-11
in-ea5fe0c67dbb09a7,,MySQL,0.75,Medium High,GPT,2025-11-06,2025,2025-11
in-ea5fe0c67dbb09a7,,MongoDB,0.75,Medium High,GPT,2025-11-06,2025,2025-11
in-ea5fe0c67dbb09a7,,SQL Server,0.75,Medium High,GPT,2025-11-06,2025,2025-11
in-ea5fe0c67dbb09a7,,Nginx,0.75,Medium High,GPT,2025-11-06,2025,2025-11
in-ea5fe0c67dbb09a7,,Apache,0.75,Medium High,GPT,2025-11-06,2025,2025-11
in-ea5fe0c67dbb09a7,,Docker,0.75,Medium High,GPT,2025-11-06,2025,2025-11
in-ea5fe0c67dbb09a7,,Kubernetes,0.75,Medium High,GPT,2025-11-06,2025,2025-11
in-ea5fe0c67dbb09a7,,JIRA,0.75,Medium High,GPT,2025-11-06,2025,2025-11
in-ea5fe0c67dbb09a7,,CI/CD,0.75,Medium High,GPT,2025-11-06,2025,2025-11
in-ea5fe0c67dbb09a7,,Bachelor’s degree,0.532,Medium Low,BERT (standalone),2025-11-06,2025,2025-11
in-ea5fe0c67dbb09a7,,computer science,0.532,Medium Low,BERT (standalone),2025-11-06,2025,2025-11
in-ea5fe0c67dbb09a7,,back,0.532,Medium Low,BERT (standalone),2025-11-06,2025,2025-11
in-ea5fe0c67dbb09a7,,-end,0.532,Medium Low,BERT (standalone),2025-11-06,2025,2025-11
in-ea5fe0c67dbb09a7,,JavaScript frameworks,0.532,Medium Low,BERT (standalone),2025-11-06,2025,2025-11
in-ea5fe0c67dbb09a7,,REST,0.532,Medium Low,BERT (standalone),2025-11-06,2025,2025-11
in-ea5fe0c67dbb09a7,,front,0.532,Medium Low,BERT (standalone),2025-11-06,2025,2025-11
in-ea5fe0c67dbb09a7,,-end languages,0.532,Medium Low,BERT (standalone),2025-11-06,2025,2025-11
in-ea5fe0c67dbb09a7,,/,0.532,Medium Low,BERT (standalone),2025-11-06,2025,2025-11
in-5bd95884fcfdbfe2,,Azure,0.821,High,BERT+GPT,2025-10-01,2025,2025-10
in-5bd95884fcfdbfe2,,networking,0.822,High,BERT+GPT,2025-10-01,2025,2025-10
in-5bd95884fcfdbfe2,,distributed systems,0.828,High,BERT+GPT,2025-10-01,2025,2025-10
in-5bd95884fcfdbfe2,,database concepts,0.75,Medium High,GPT,2025-10-01,2025,2025-10
in-202d174576a6328b,,autonomous systems,0.75,Medium High,GPT,2025-12-01,2025,2025-12
in-070ac45a5adefcb1,,OTT video,0.75,Medium High,GPT,2025-10-03,2025,2025-10
in-8cb2b3de05fe17bb,,Cloud platforms,0.75,Medium High,GPT,2025-10-22,2025,2025-10
in-8cb2b3de05fe17bb,,Container platforms,0.75,Medium High,GPT,2025-10-22,2025,2025-10
in-8cb2b3de05fe17bb,,Azure Service Bus,0.75,Medium High,GPT,2025-10-22,2025,2025-10
in-8cb2b3de05fe17bb,,Amazon EventBridge,0.75,Medium High,GPT,2025-10-22,2025,2025-10
in-8cb2b3de05fe17bb,,"full lifecycle,",0.532,Medium Low,BERT (standalone),2025-10-22,2025,2025-10
in-1e8d401875ab7ace,,Java,0.83,High,BERT+GPT,2025-11-30,2025,2025-11
in-1e8d401875ab7ace,,Spring Boot,0.831,High,BERT+GPT,2025-11-30,2025,2025-11
in-1e8d401875ab7ace,,React.js,0.829,High,BERT+GPT,2025-11-30,2025,2025-11
in-1e8d401875ab7ace,,Vue.js,0.83,High,BERT+GPT,2025-11-30,2025,2025-11
in-1e8d401875ab7ace,,Next.js,0.829,High,BERT+GPT,2025-11-30,2025,2025-11
in-1e8d401875ab7ace,,Angular,0.821,High,BERT+GPT,2025-11-30,2025,2025-11
in-1e8d401875ab7ace,,modern frontend engineering,0.532,Medium Low,BERT (standalone),2025-11-30,2025,2025-11
in-8335c5296046dc27,,data annotation,0.83,High,BERT+GPT,2025-08-04,2025,2025-08
in-8335c5296046dc27,,content moderation,0.826,High,BERT+GPT,2025-08-04,2025,2025-08
in-8335c5296046dc27,,machine learning,0.83,High,BERT+GPT,2025-08-04,2025,2025-08
in-8335c5296046dc27,,NLP,0.75,Medium High,GPT,2025-08-04,2025,2025-08
in-8335c5296046dc27,,Python,0.75,Medium High,GPT,2025-08-04,2025,2025-08
in-8335c5296046dc27,,SQL,0.831,High,BERT+GPT,2025-08-04,2025,2025-08
in-8335c5296046dc27,,NLP -related,0.532,Medium Low,BERT (standalone),2025-08-04,2025,2025-08
in-8335c5296046dc27,,/,0.532,Medium Low,BERT (standalone),2025-08-04,2025,2025-08
in-792c7c65733a1995,,GDPR,0.75,Medium High,GPT,2025-11-26,2025,2025-11
in-792c7c65733a1995,,Data Protection Act 2018,0.75,Medium High,GPT,2025-11-26,2025,2025-11
in-792c7c65733a1995,,PECR,0.75,Medium High,GPT,2025-11-26,2025,2025-11
in-2650e0f960a33a06,,cybersecurity,0.75,Medium High,GPT,2025-07-03,2025,2025-07
in-2650e0f960a33a06,,cybersecurity programs,0.75,Medium High,GPT,2025-07-03,2025,2025-07
in-2650e0f960a33a06,,cybersecurity risk,0.75,Medium High,GPT,2025-07-03,2025,2025-07
in-2650e0f960a33a06,,security program,0.75,Medium High,GPT,2025-07-03,2025,2025-07
in-2650e0f960a33a06,,cyber controls,0.75,Medium High,GPT,2025-07-03,2025,2025-07
in-2650e0f960a33a06,,cyber policies,0.75,Medium High,GPT,2025-07-03,2025,2025-07
in-2650e0f960a33a06,,cyber regulations,0.75,Medium High,GPT,2025-07-03,2025,2025-07
in-2650e0f960a33a06,,cyber control processes,0.75,Medium High,GPT,2025-07-03,2025,2025-07
in-2650e0f960a33a06,,cyber risk management,0.75,Medium High,GPT,2025-07-03,2025,2025-07
in-2650e0f960a33a06,,operational technology,0.75,Medium High,GPT,2025-07-03,2025,2025-07
in-2650e0f960a33a06,,critical information infrastructures,0.75,Medium High,GPT,2025-07-03,2025,2025-07
in-12365ed7bd9554c7,,digital models,0.75,Medium High,GPT,2025-11-05,2025,2025-11
in-12365ed7bd9554c7,,workflows,0.75,Medium High,GPT,2025-11-05,2025,2025-11
in-12365ed7bd9554c7,,architectural aluminum systems,0.75,Medium High,GPT,2025-11-05,2025,2025-11
in-12365ed7bd9554c7,,glass systems,0.75,Medium High,GPT,2025-11-05,2025,2025-11
in-97ca47c5f555e42a,,Insurance domain concepts,0.83,High,BERT+GPT,2025-10-17,2025,2025-10
in-97ca47c5f555e42a,,Specialized Insurance,0.829,High,BERT+GPT,2025-10-17,2025,2025-10
in-97ca47c5f555e42a,,London Market,0.828,High,BERT+GPT,2025-10-17,2025,2025-10
in-97ca47c5f555e42a,,Regulatory Data,0.824,High,BERT+GPT,2025-10-17,2025,2025-10
in-97ca47c5f555e42a,,enterprise data models,0.75,Medium High,GPT,2025-10-17,2025,2025-10
in-97ca47c5f555e42a,,analytics,0.75,Medium High,GPT,2025-10-17,2025,2025-10
in-97ca47c5f555e42a,,reporting solutions,0.75,Medium High,GPT,2025-10-17,2025,2025-10
in-b708da2b33f5c59c,,Python,0.75,Medium High,GPT,2025-11-24,2025,2025-11
in-b708da2b33f5c59c,,AWS,0.75,Medium High,GPT,2025-11-24,2025,2025-11
in-b708da2b33f5c59c,,Flask,0.75,Medium High,GPT,2025-11-24,2025,2025-11
in-b708da2b33f5c59c,,Pytest,0.75,Medium High,GPT,2025-11-24,2025,2025-11
in-b708da2b33f5c59c,,Mypy,0.75,Medium High,GPT,2025-11-24,2025,2025-11
in-b708da2b33f5c59c,,Docker,0.75,Medium High,GPT,2025-11-24,2025,2025-11
in-b708da2b33f5c59c,,PostgreSQL,0.75,Medium High,GPT,2025-11-24,2025,2025-11
in-b708da2b33f5c59c,,SQS,0.75,Medium High,GPT,2025-11-24,2025,2025-11
in-b708da2b33f5c59c,,S3,0.828,High,BERT+GPT,2025-11-24,2025,2025-11
in-b708da2b33f5c59c,,Terraform,0.75,Medium High,GPT,2025-11-24,2025,2025-11
in-57793e22513bd508,,SAP Process Integration (PI),0.83,High,BERT+GPT,2025-12-01,2025,2025-12
in-57793e22513bd508,,Process Orchestration (PO),0.83,High,BERT+GPT,2025-12-01,2025,2025-12
in-57793e22513bd508,,APIs,0.826,High,BERT+GPT,2025-12-01,2025,2025-12
in-57793e22513bd508,,middleware technologies,0.831,High,BERT+GPT,2025-12-01,2025,2025-12
in-57793e22513bd508,,SAP Integration Suite,0.83,High,BERT+GPT,2025-12-01,2025,2025-12
in-57793e22513bd508,,SAP’s ISA-M methodology,0.75,Medium High,GPT,2025-12-01,2025,2025-12
in-57793e22513bd508,,Data Architecture and Management,0.829,High,BERT+GPT,2025-12-01,2025,2025-12
in-57793e22513bd508,,Reporting and analytics,0.828,High,BERT+GPT,2025-12-01,2025,2025-12
in-57793e22513bd508,,data modeling,0.826,High,BERT+GPT,2025-12-01,2025,2025-12
in-57793e22513bd508,,master data management and governance,0.83,High,BERT+GPT,2025-12-01,2025,2025-12
in-57793e22513bd508,,data quality,0.826,High,BERT+GPT,2025-12-01,2025,2025-12
in-57793e22513bd508,,SAP’s,0.532,Medium Low,BERT (standalone),2025-12-01,2025,2025-12
in-57793e22513bd508,,ISA,0.532,Medium Low,BERT (standalone),2025-12-01,2025,2025-12
in-57793e22513bd508,,-M methodology.,0.532,Medium Low,BERT (standalone),2025-12-01,2025,2025-12
in-1c5a5a5c1628040b,,SQL database administration,0.831,High,BERT+GPT,2025-10-27,2025,2025-10
in-8e8358720b2049a4,,IBP,0.831,High,BERT+GPT,2025-11-30,2025,2025-11
in-8e8358720b2049a4,,Demand,0.827,High,BERT+GPT,2025-11-30,2025,2025-11
in-8e8358720b2049a4,,Supply,0.826,High,BERT+GPT,2025-11-30,2025,2025-11
in-8e8358720b2049a4,,Inventory,0.824,High,BERT+GPT,2025-11-30,2025,2025-11
in-8e8358720b2049a4,,Sales and Operations Planning,0.831,High,BERT+GPT,2025-11-30,2025,2025-11
in-8e8358720b2049a4,,SAP ECC,0.75,Medium High,GPT,2025-11-30,2025,2025-11
in-8e8358720b2049a4,,S4 HANA,0.75,Medium High,GPT,2025-11-30,2025,2025-11
in-8e8358720b2049a4,,SAP,0.532,Medium Low,BERT (standalone),2025-11-30,2025,2025-11
in-8e8358720b2049a4,,ECC,0.532,Medium Low,BERT (standalone),2025-11-30,2025,2025-11
in-8e8358720b2049a4,,/,0.532,Medium Low,BERT (standalone),2025-11-30,2025,2025-11
in-8e8358720b2049a4,,S4,0.532,Medium Low,BERT (standalone),2025-11-30,2025,2025-11
in-8e8358720b2049a4,,HANA.,0.532,Medium Low,BERT (standalone),2025-11-30,2025,2025-11
in-8e8358720b2049a4,,"customer support,",0.532,Medium Low,BERT (standalone),2025-11-30,2025,2025-11
in-731fc34f48c31ddd,,AI-driven digital learning platform,0.75,Medium High,GPT,2025-11-26,2025,2025-11
in-ed7c0956d23b6e08,,cloud computing,0.75,Medium High,GPT,2025-11-27,2025,2025-11
in-ed7c0956d23b6e08,,Machine Learning,0.831,High,BERT+GPT,2025-11-27,2025,2025-11
in-ed7c0956d23b6e08,,Frontend Software Engineering,0.75,Medium High,GPT,2025-11-27,2025,2025-11
in-ed7c0956d23b6e08,,Backend Software Engineering,0.75,Medium High,GPT,2025-11-27,2025,2025-11
in-ed7c0956d23b6e08,,Product Management,0.75,Medium High,GPT,2025-11-27,2025,2025-11
in-ed7c0956d23b6e08,,Product Design,0.75,Medium High,GPT,2025-11-27,2025,2025-11
in-ed7c0956d23b6e08,,cloud,0.532,Medium Low,BERT (standalone),2025-11-27,2025,2025-11
in-ed7c0956d23b6e08,,-computing,0.532,Medium Low,BERT (standalone),2025-11-27,2025,2025-11
in-b608315da704076b,,API-first architecture,0.75,Medium High,GPT,2025-11-13,2025,2025-11
in-b608315da704076b,,Python,0.825,High,BERT+GPT,2025-11-13,2025,2025-11
in-b608315da704076b,,C++,0.75,Medium High,GPT,2025-11-13,2025,2025-11
in-b608315da704076b,,CUDA,0.831,High,BERT+GPT,2025-11-13,2025,2025-11
in-b608315da704076b,,cheminformatics toolkits,0.821,High,BERT+GPT,2025-11-13,2025,2025-11
in-b608315da704076b,,API,0.532,Medium Low,BERT (standalone),2025-11-13,2025,2025-11
in-b608315da704076b,,-first,0.532,Medium Low,BERT (standalone),2025-11-13,2025,2025-11
in-b608315da704076b,,"scientific software development,",0.532,Medium Low,BERT (standalone),2025-11-13,2025,2025-11
in-b608315da704076b,,C,0.532,Medium Low,BERT (standalone),2025-11-13,2025,2025-11
in-b608315da704076b,,+,0.532,Medium Low,BERT (standalone),2025-11-13,2025,2025-11
in-b608315da704076b,,"+,",0.532,Medium Low,BERT (standalone),2025-11-13,2025,2025-11
in-82c62095c56a09f5,,Elastic Stack,0.828,High,BERT+GPT,2025-11-17,2025,2025-11
in-82c62095c56a09f5,,GCP,0.828,High,BERT+GPT,2025-11-17,2025,2025-11
in-82c62095c56a09f5,,modern automation tooling,0.828,High,BERT+GPT,2025-11-17,2025,2025-11
in-d5c2072747d98126,,AI image generation,0.75,Medium High,GPT,2025-12-01,2025,2025-12
in-d5c2072747d98126,,video generation technologies,0.75,Medium High,GPT,2025-12-01,2025,2025-12
in-d5c2072747d98126,,commercial standards,0.75,Medium High,GPT,2025-12-01,2025,2025-12
in-4e2c7333fb3867a6,,SQL server,0.831,High,BERT+GPT,2025-09-09,2025,2025-09
in-4e2c7333fb3867a6,,cloud database,0.831,High,BERT+GPT,2025-09-09,2025,2025-09
in-4dd4be4468b8f8b5,,HR,0.826,High,BERT+GPT,2025-11-27,2025,2025-11
in-4dd4be4468b8f8b5,,Sustainability,0.825,High,BERT+GPT,2025-11-27,2025,2025-11
in-4dd4be4468b8f8b5,,contract,0.831,High,BERT+GPT,2025-11-27,2025,2025-11
in-4dd4be4468b8f8b5,,Power BI,0.831,High,BERT+GPT,2025-11-27,2025,2025-11
in-4dd4be4468b8f8b5,,HR KPIs,0.829,High,BERT+GPT,2025-11-27,2025,2025-11
in-4dd4be4468b8f8b5,,engagement,0.827,High,BERT+GPT,2025-11-27,2025,2025-11
in-4dd4be4468b8f8b5,,turnover,0.828,High,BERT+GPT,2025-11-27,2025,2025-11
in-4dd4be4468b8f8b5,,absence,0.827,High,BERT+GPT,2025-11-27,2025,2025-11
in-4dd4be4468b8f8b5,,ESG metrics,0.829,High,BERT+GPT,2025-11-27,2025,2025-11
in-036c776371efd2b7,,AI techniques,0.75,Medium High,GPT,2025-11-26,2025,2025-11
in-fc00c70672996923,,API testing,0.831,High,BERT+GPT,2025-12-01,2025,2025-12
in-fc00c70672996923,,data services,0.831,High,BERT+GPT,2025-12-01,2025,2025-12
in-78cf01cb605e5896,,Delinea,0.831,High,BERT+GPT,2025-11-10,2025,2025-11
in-78cf01cb605e5896,,Thycotic,0.831,High,BERT+GPT,2025-11-10,2025,2025-11
in-78cf01cb605e5896,,PAM,0.83,High,BERT+GPT,2025-11-10,2025,2025-11
in-78cf01cb605e5896,,AD,0.825,High,BERT+GPT,2025-11-10,2025,2025-11
in-78cf01cb605e5896,,Azure AD,0.823,High,BERT+GPT,2025-11-10,2025,2025-11
in-78cf01cb605e5896,,identity systems,0.532,Medium Low,BERT (standalone),2025-11-10,2025,2025-11
in-b9d4aea91e3f2d0c,,Epic Ambulatory,0.75,Medium High,GPT,2025-11-28,2025,2025-11
in-b418b4139ba55785,,Agile methodology,0.75,Medium High,GPT,2025-09-29,2025,2025-09
in-fa78458f9443eaa7,,database applications,0.831,High,BERT+GPT,2025-12-01,2025,2025-12
in-fa78458f9443eaa7,,web-based systems,0.823,High,BERT+GPT,2025-12-01,2025,2025-12
in-752b949d027be167,,online booking,0.75,Medium High,GPT,2025-09-17,2025,2025-09
in-752b949d027be167,,scheduling,0.75,Medium High,GPT,2025-09-17,2025,2025-09
in-752b949d027be167,,client marketing,0.75,Medium High,GPT,2025-09-17,2025,2025-09
in-752b949d027be167,,staff management,0.75,Medium High,GPT,2025-09-17,2025,2025-09
in-752b949d027be167,,point of sale,0.75,Medium High,GPT,2025-09-17,2025,2025-09
in-752b949d027be167,,payments,0.75,Medium High,GPT,2025-09-17,2025,2025-09
in-752b949d027be167,,inventory,0.75,Medium High,GPT,2025-09-17,2025,2025-09
in-752b949d027be167,,analytics,0.75,Medium High,GPT,2025-09-17,2025,2025-09
in-4256252b53fa4d02,,data analysis and visualization best practices,0.829,High,BERT+GPT,2025-12-02,2025,2025-12
in-05083d32f3b2c12f,,aviation industry,0.75,Medium High,GPT,2025-12-01,2025,2025-12
in-554dc0d2bef78a4c,,high-frequency trading (HFT) systems,0.827,High,BERT+GPT,2025-10-27,2025,2025-10
in-554dc0d2bef78a4c,,algorithmic trading strategies,0.83,High,BERT+GPT,2025-10-27,2025,2025-10
in-554dc0d2bef78a4c,,traditional finance,0.75,Medium High,GPT,2025-10-27,2025,2025-10
in-554dc0d2bef78a4c,,market structures,0.829,High,BERT+GPT,2025-10-27,2025,2025-10
in-554dc0d2bef78a4c,,derivatives,0.826,High,BERT+GPT,2025-10-27,2025,2025-10
in-554dc0d2bef78a4c,,risk management,0.826,High,BERT+GPT,2025-10-27,2025,2025-10
in-554dc0d2bef78a4c,,high,0.532,Medium Low,BERT (standalone),2025-10-27,2025,2025-10
in-554dc0d2bef78a4c,,traditional,0.532,Medium Low,BERT (standalone),2025-10-27,2025,2025-10
in-554dc0d2bef78a4c,,finance,0.532,Medium Low,BERT (standalone),2025-10-27,2025,2025-10
in-f9819a980c1976e8,,PHP,0.75,Medium High,GPT,2025-11-08,2025,2025-11
in-f9819a980c1976e8,,Python,0.75,Medium High,GPT,2025-11-08,2025,2025-11
in-d7f955d1258c78ff,,Transport,0.831,High,BERT+GPT,2025-10-20,2025,2025-10
in-d7f955d1258c78ff,,Ring Road,0.831,High,BERT+GPT,2025-10-20,2025,2025-10
in-d7f955d1258c78ff,,State Government,0.831,High,BERT+GPT,2025-10-20,2025,2025-10
in-d7f955d1258c78ff,,Civil Engineering,0.831,High,BERT+GPT,2025-10-20,2025,2025-10
in-d7f955d1258c78ff,,Transport Planning,0.831,High,BERT+GPT,2025-10-20,2025,2025-10
in-21d24d42a7df10cd,,LEGO games franchise,0.75,Medium High,GPT,2025-11-03,2025,2025-11
in-21d24d42a7df10cd,,Warner Bros.,0.75,Medium High,GPT,2025-11-03,2025,2025-11
in-208b2e5025df647a,,machine learning,0.831,High,BERT+GPT,2025-11-26,2025,2025-11
in-208b2e5025df647a,,real-time large-scale systems,0.75,Medium High,GPT,2025-11-26,2025,2025-11
in-04b0497aa91e1731,,AI,0.83,High,BERT+GPT,2025-11-24,2025,2025-11
in-04b0497aa91e1731,,quantum information science,0.75,Medium High,GPT,2025-11-24,2025,2025-11
in-04b0497aa91e1731,,theoretical physics,0.75,Medium High,GPT,2025-11-24,2025,2025-11
in-04b0497aa91e1731,,mathematical foundations,0.75,Medium High,GPT,2025-11-24,2025,2025-11
in-04b0497aa91e1731,,physical foundations,0.75,Medium High,GPT,2025-11-24,2025,2025-11
in-04b0497aa91e1731,,AI and theoretical physics;,0.532,Medium Low,BERT (standalone),2025-11-24,2025,2025-11
in-c8b5d048476a93d0,,wellbeing insights platform,0.75,Medium High,GPT,2025-10-15,2025,2025-10
in-6c05d56a44786edb,,secure communications,0.75,Medium High,GPT,2025-11-21,2025,2025-11
in-6c05d56a44786edb,,private communications,0.75,Medium High,GPT,2025-11-21,2025,2025-11
in-90b42c07ae279875,,engineering analysis,0.827,High,BERT+GPT,2025-12-01,2025,2025-12
in-90b42c07ae279875,,construction inspection,0.828,High,BERT+GPT,2025-12-01,2025,2025-12
in-90b42c07ae279875,,material testing,0.826,High,BERT+GPT,2025-12-01,2025,2025-12
in-90b42c07ae279875,,contract administration,0.831,High,BERT+GPT,2025-12-01,2025,2025-12
in-90b42c07ae279875,,construction engineering,0.828,High,BERT+GPT,2025-12-01,2025,2025-12
in-49c600e867b28fcc,,financial instruments,0.829,High,BERT+GPT,2025-11-09,2025,2025-11
in-49c600e867b28fcc,,private equity investments,0.831,High,BERT+GPT,2025-11-09,2025,2025-11
in-49c600e867b28fcc,,credit modelling,0.831,High,BERT+GPT,2025-11-09,2025,2025-11
in-49c600e867b28fcc,,analytics,0.75,Medium High,GPT,2025-11-09,2025,2025-11
in-49c600e867b28fcc,,automation,0.75,Medium High,GPT,2025-11-09,2025,2025-11
in-49c600e867b28fcc,,innovation,0.75,Medium High,GPT,2025-11-09,2025,2025-11
in-49c600e867b28fcc,,corporate treasury,0.75,Medium High,GPT,2025-11-09,2025,2025-11
in-195c25519bd7260c,,SQL,0.825,High,BERT+GPT,2025-10-24,2025,2025-10
in-195c25519bd7260c,,PowerBI,0.827,High,BERT+GPT,2025-10-24,2025,2025-10
in-195c25519bd7260c,,Python,0.825,High,BERT+GPT,2025-10-24,2025,2025-10
in-195c25519bd7260c,,AWS tools,0.829,High,BERT+GPT,2025-10-24,2025,2025-10
in-195c25519bd7260c,,Enterprise Data Platform,0.83,High,BERT+GPT,2025-10-24,2025,2025-10
in-acb2a7db662d2b2b,,version control,0.75,Medium High,GPT,2025-10-23,2025,2025-10
in-acb2a7db662d2b2b,,testing,0.75,Medium High,GPT,2025-10-23,2025,2025-10
in-acb2a7db662d2b2b,,CI/CD,0.75,Medium High,GPT,2025-10-23,2025,2025-10
in-acb2a7db662d2b2b,,software engineering,0.532,Medium Low,BERT (standalone),2025-10-23,2025,2025-10
in-acb2a7db662d2b2b,,"testing,",0.532,Medium Low,BERT (standalone),2025-10-23,2025,2025-10
in-acb2a7db662d2b2b,,CI,0.532,Medium Low,BERT (standalone),2025-10-23,2025,2025-10
in-acb2a7db662d2b2b,,/,0.532,Medium Low,BERT (standalone),2025-10-23,2025,2025-10
in-acb2a7db662d2b2b,,CD).,0.532,Medium Low,BERT (standalone),2025-10-23,2025,2025-10
in-fa78458f9443eaa7,,DTS Helpdesk system,0.75,Medium High,GPT,2025-12-01,2025,2025-12
in-b512302fe3907f2d,,office sector,0.75,Medium High,GPT,2025-11-28,2025,2025-11
in-b512302fe3907f2d,,industrial sector,0.75,Medium High,GPT,2025-11-28,2025,2025-11
in-b512302fe3907f2d,,retail sector,0.75,Medium High,GPT,2025-11-28,2025,2025-11
in-b512302fe3907f2d,,hotel sector,0.75,Medium High,GPT,2025-11-28,2025,2025-11
in-b512302fe3907f2d,,specialised property types,0.75,Medium High,GPT,2025-11-28,2025,2025-11
in-4e852e4285a16380,,software development,0.831,High,BERT+GPT,2025-11-18,2025,2025-11
in-f0b48fead02e6e98,,architectural drawings,0.75,Medium High,GPT,2025-11-15,2025,2025-11
in-f0b48fead02e6e98,,acoustic products,0.75,Medium High,GPT,2025-11-15,2025,2025-11
in-f0b48fead02e6e98,,panels,0.75,Medium High,GPT,2025-11-15,2025,2025-11
in-f0b48fead02e6e98,,baffles,0.826,High,BERT+GPT,2025-11-15,2025,2025-11
in-f0b48fead02e6e98,,clouds,0.825,High,BERT+GPT,2025-11-15,2025,2025-11
in-f0b48fead02e6e98,,estimating software,0.75,Medium High,GPT,2025-11-15,2025,2025-11
in-f0b48fead02e6e98,,Excel,0.831,High,BERT+GPT,2025-11-15,2025,2025-11
in-42b55a983bf16945,,Ignition,0.75,Medium High,GPT,2025-11-25,2025,2025-11
in-42b55a983bf16945,,FactoryTalkView,0.829,High,BERT+GPT,2025-11-25,2025,2025-11
in-42b55a983bf16945,,IT/Networking,0.75,Medium High,GPT,2025-11-25,2025,2025-11
in-42b55a983bf16945,,database application,0.831,High,BERT+GPT,2025-11-25,2025,2025-11
in-42b55a983bf16945,,BHS system operations,0.83,High,BERT+GPT,2025-11-25,2025,2025-11
in-42b55a983bf16945,,IT,0.532,Medium Low,BERT (standalone),2025-11-25,2025,2025-11
in-42b55a983bf16945,,/,0.532,Medium Low,BERT (standalone),2025-11-25,2025,2025-11
in-42b55a983bf16945,,Networking,0.532,Medium Low,BERT (standalone),2025-11-25,2025,2025-11
in-086a9933cd2b22d2,,artwork,0.75,Medium High,GPT,2025-11-17,2025,2025-11
in-086a9933cd2b22d2,,hand-drawn techniques,0.75,Medium High,GPT,2025-11-17,2025,2025-11
in-086a9933cd2b22d2,,digital techniques,0.75,Medium High,GPT,2025-11-17,2025,2025-11
in-b6d25c92fe133ceb,,MuleSoft,0.829,High,BERT+GPT,2025-11-20,2025,2025-11
in-b6d25c92fe133ceb,,Boomi,0.826,High,BERT+GPT,2025-11-20,2025,2025-11
in-b6d25c92fe133ceb,,Workato,0.83,High,BERT+GPT,2025-11-20,2025,2025-11
in-b6d25c92fe133ceb,,IBM Sterling,0.829,High,BERT+GPT,2025-11-20,2025,2025-11
in-b6d25c92fe133ceb,,messaging systems,0.831,High,BERT+GPT,2025-11-20,2025,2025-11
in-b6d25c92fe133ceb,,AI-assisted engineering,0.75,Medium High,GPT,2025-11-20,2025,2025-11
in-b6d25c92fe133ceb,,AI,0.532,Medium Low,BERT (standalone),2025-11-20,2025,2025-11
in-b6d25c92fe133ceb,,-assisted engineering,0.532,Medium Low,BERT (standalone),2025-11-20,2025,2025-11
in-042b565c84045356,,ticketing system,0.826,High,BERT+GPT,2025-11-11,2025,2025-11
in-042b565c84045356,,NZ Driver's License,0.75,Medium High,GPT,2025-11-11,2025,2025-11
in-042b565c84045356,,NZ,0.532,Medium Low,BERT (standalone),2025-11-11,2025,2025-11
in-042b565c84045356,,Driver's License,0.532,Medium Low,BERT (standalone),2025-11-11,2025,2025-11
in-290c255a99e5d600,,management reporting,0.75,Medium High,GPT,2025-11-25,2025,2025-11
in-290c255a99e5d600,,CAPEX investments,0.75,Medium High,GPT,2025-11-25,2025,2025-11
in-290c255a99e5d600,,commercial policy,0.75,Medium High,GPT,2025-11-25,2025,2025-11
in-290c255a99e5d600,,finance,0.75,Medium High,GPT,2025-11-25,2025,2025-11
in-36736ae33c38a4df,,Drivers Licence,0.75,Medium High,GPT,2025-09-15,2025,2025-09
in-fac0a95b0783fd9d,,STEM careers,0.75,Medium High,GPT,2025-11-28,2025,2025-11
in-fac0a95b0783fd9d,,uncertainty and risk,0.75,Medium High,GPT,2025-11-28,2025,2025-11
in-fac0a95b0783fd9d,,ethical AI,0.75,Medium High,GPT,2025-11-28,2025,2025-11
in-fac0a95b0783fd9d,,sustainable AI,0.75,Medium High,GPT,2025-11-28,2025,2025-11
in-07a9c2a299829676,,Microsoft Copilot Studio,0.75,Medium High,GPT,2025-11-18,2025,2025-11
in-07a9c2a299829676,,Power Automate,0.831,High,BERT+GPT,2025-11-18,2025,2025-11
in-07a9c2a299829676,,APIs,0.75,Medium High,GPT,2025-11-18,2025,2025-11
in-07a9c2a299829676,,databases,0.75,Medium High,GPT,2025-11-18,2025,2025-11
in-07a9c2a299829676,,generative AI,0.75,Medium High,GPT,2025-11-18,2025,2025-11
in-07a9c2a299829676,,SharePoint,0.75,Medium High,GPT,2025-11-18,2025,2025-11
in-07a9c2a299829676,,internal websites,0.75,Medium High,GPT,2025-11-18,2025,2025-11
in-07a9c2a299829676,,Microsoft,0.532,Medium Low,BERT (standalone),2025-11-18,2025,2025-11
in-07a9c2a299829676,,Copilot,0.532,Medium Low,BERT (standalone),2025-11-18,2025,2025-11
in-07a9c2a299829676,,Studio,0.532,Medium Low,BERT (standalone),2025-11-18,2025,2025-11
in-e07c53dcbcbf3274,,data science,0.75,Medium High,GPT,2025-07-14,2025,2025-07
in-e07c53dcbcbf3274,,optimisation,0.75,Medium High,GPT,2025-07-14,2025,2025-07
in-e07c53dcbcbf3274,,artificial intelligence,0.75,Medium High,GPT,2025-07-14,2025,2025-07
in-b4356c6ed1117311,,technology platform,0.75,Medium High,GPT,2025-11-21,2025,2025-11
in-b4356c6ed1117311,,data,0.75,Medium High,GPT,2025-11-21,2025,2025-11
in-b4356c6ed1117311,,machine learning,0.75,Medium High,GPT,2025-11-21,2025,2025-11
in-5a81c5ecd1c8765b,,digital marketing,0.75,Medium High,GPT,2025-10-30,2025,2025-10
in-5a81c5ecd1c8765b,,consumer behaviour,0.75,Medium High,GPT,2025-10-30,2025,2025-10
in-3c9053efee28bcf7,,Data Science,0.75,Medium High,GPT,2025-10-30,2025,2025-10
in-3c9053efee28bcf7,,AI,0.75,Medium High,GPT,2025-10-30,2025,2025-10
in-3c9053efee28bcf7,,data analytics,0.75,Medium High,GPT,2025-10-30,2025,2025-10
in-3c9053efee28bcf7,,data engineering,0.75,Medium High,GPT,2025-10-30,2025,2025-10
in-3c9053efee28bcf7,,data visualization,0.75,Medium High,GPT,2025-10-30,2025,2025-10
in-8543415ad2ef374e,,touch sensing technologies,0.829,High,BERT+GPT,2025-11-08,2025,2025-11
in-8543415ad2ef374e,,hardware validation processes,0.83,High,BERT+GPT,2025-11-08,2025,2025-11
in-9952e2c2c0e072ea,,SAP technologies,0.831,High,BERT+GPT,2025-11-29,2025,2025-11
in-9952e2c2c0e072ea,,SAP,0.831,High,BERT+GPT,2025-11-29,2025,2025-11
in-9952e2c2c0e072ea,,Technology Consulting,0.83,High,BERT+GPT,2025-11-29,2025,2025-11
in-9952e2c2c0e072ea,,Presales,0.831,High,BERT+GPT,2025-11-29,2025,2025-11
in-040fa566371acf2f,,technology,0.75,Medium High,GPT,2025-11-25,2025,2025-11
in-040fa566371acf2f,,data,0.75,Medium High,GPT,2025-11-25,2025,2025-11
in-065469823b71882f,,SAP SuccessFactors,0.75,Medium High,GPT,2025-11-05,2025,2025-11
in-9bf4d6d9ee1e4a14,,administrative processes,0.831,High,BERT+GPT,2025-11-26,2025,2025-11
in-9bf4d6d9ee1e4a14,,activity reporting,0.831,High,BERT+GPT,2025-11-26,2025,2025-11
in-9bf4d6d9ee1e4a14,,sourcing processes,0.75,Medium High,GPT,2025-11-26,2025,2025-11
in-c20d12035abeb595,,National High Secure Deaf Service,0.75,Medium High,GPT,2025-11-27,2025,2025-11
in-c20d12035abeb595,,Nottingham Centre for Transgender Health,0.75,Medium High,GPT,2025-11-27,2025,2025-11
in-e5a40a553d833e46,,AI Business Process,0.83,High,BERT+GPT,2025-11-18,2025,2025-11
in-e5a40a553d833e46,,Dynamics 365,0.831,High,BERT+GPT,2025-11-18,2025,2025-11
in-e5a40a553d833e46,,Power Platform,0.831,High,BERT+GPT,2025-11-18,2025,2025-11
in-94c8e798911e3470,,MuleSoft Anypoint Platform,0.75,Medium High,GPT,2025-08-05,2025,2025-08
in-94c8e798911e3470,,Anypoint Studio,0.829,High,BERT+GPT,2025-08-05,2025,2025-08
in-94c8e798911e3470,,API Manager,0.828,High,BERT+GPT,2025-08-05,2025,2025-08
in-94c8e798911e3470,,Runtime Manager,0.825,High,BERT+GPT,2025-08-05,2025,2025-08
in-94c8e798911e3470,,RAML,0.831,High,BERT+GPT,2025-08-05,2025,2025-08
in-94c8e798911e3470,,OpenAPI,0.829,High,BERT+GPT,2025-08-05,2025,2025-08
in-94c8e798911e3470,,DataWeave,0.831,High,BERT+GPT,2025-08-05,2025,2025-08
in-94c8e798911e3470,,MUnit testing framework,0.829,High,BERT+GPT,2025-08-05,2025,2025-08
in-94c8e798911e3470,,RESTful APIs,0.829,High,BERT+GPT,2025-08-05,2025,2025-08
in-94c8e798911e3470,,JSON,0.826,High,BERT+GPT,2025-08-05,2025,2025-08
in-94c8e798911e3470,,XML,0.825,High,BERT+GPT,2025-08-05,2025,2025-08
in-94c8e798911e3470,,JMS,0.828,High,BERT+GPT,2025-08-05,2025,2025-08
in-94c8e798911e3470,,message queues,0.826,High,BERT+GPT,2025-08-05,2025,2025-08
in-94c8e798911e3470,,Jenkins,0.75,Medium High,GPT,2025-08-05,2025,2025-08
in-94c8e798911e3470,,GitLab CI,0.75,Medium High,GPT,2025-08-05,2025,2025-08
in-94c8e798911e3470,,Git,0.75,Medium High,GPT,2025-08-05,2025,2025-08
in-94c8e798911e3470,,OAuth 2.0,0.75,Medium High,GPT,2025-08-05,2025,2025-08
in-94c8e798911e3470,,JWT,0.75,Medium High,GPT,2025-08-05,2025,2025-08
in-94c8e798911e3470,,TLS,0.75,Medium High,GPT,2025-08-05,2025,2025-08
in-94c8e798911e3470,,Bachelor’s degree,0.532,Medium Low,BERT (standalone),2025-08-05,2025,2025-08
in-94c8e798911e3470,,"computer science,",0.532,Medium Low,BERT (standalone),2025-08-05,2025,2025-08
in-94c8e798911e3470,,"Engineering,",0.532,Medium Low,BERT (standalone),2025-08-05,2025,2025-08
in-94c8e798911e3470,,software development,0.532,Medium Low,BERT (standalone),2025-08-05,2025,2025-08
in-94c8e798911e3470,,MuleSoft development.,0.532,Medium Low,BERT (standalone),2025-08-05,2025,2025-08
in-94c8e798911e3470,,MuleSoft,0.532,Medium Low,BERT (standalone),2025-08-05,2025,2025-08
in-94c8e798911e3470,,"Anypoint Platform,",0.532,Medium Low,BERT (standalone),2025-08-05,2025,2025-08
in-94c8e798911e3470,,/,0.532,Medium Low,BERT (standalone),2025-08-05,2025,2025-08
in-cd884a98466c5d51,,NSW Child Safe Standards,0.75,Medium High,GPT,2025-11-21,2025,2025-11
in-cd884a98466c5d51,,National Catholic Safeguarding Standards,0.75,Medium High,GPT,2025-11-21,2025,2025-11
in-b7f6c244f45d842b,,CalWORKs,0.75,Medium High,GPT,2025-12-01,2025,2025-12
in-b7f6c244f45d842b,,TANF,0.75,Medium High,GPT,2025-12-01,2025,2025-12
in-4d39d1108694485c,,message brokers,0.83,High,BERT+GPT,2025-11-04,2025,2025-11
in-4d39d1108694485c,,Kafka,0.828,High,BERT+GPT,2025-11-04,2025,2025-11
in-4d39d1108694485c,,RabbitMQ,0.823,High,BERT+GPT,2025-11-04,2025,2025-11
in-75321c71d3b48fdc,,Java technologies,0.827,High,BERT+GPT,2025-11-29,2025,2025-11
in-75321c71d3b48fdc,,backend development,0.829,High,BERT+GPT,2025-11-29,2025,2025-11
in-fe47a8774f6fee8b,,Android,0.75,Medium High,GPT,2025-11-20,2025,2025-11
in-fe47a8774f6fee8b,,mobile applications,0.75,Medium High,GPT,2025-11-20,2025,2025-11
in-fe47a8774f6fee8b,,drone inspection tools,0.75,Medium High,GPT,2025-11-20,2025,2025-11
in-fe47a8774f6fee8b,,solar energy industry,0.75,Medium High,GPT,2025-11-20,2025,2025-11
in-688c9596567360d1,,React,0.75,Medium High,GPT,2025-09-10,2025,2025-09
in-688c9596567360d1,,TypeScript,0.822,High,BERT+GPT,2025-09-10,2025,2025-09
in-688c9596567360d1,,Node.js,0.75,Medium High,GPT,2025-09-10,2025,2025-09
in-688c9596567360d1,,Python,0.825,High,BERT+GPT,2025-09-10,2025,2025-09
in-688c9596567360d1,,Go,0.75,Medium High,GPT,2025-09-10,2025,2025-09
in-688c9596567360d1,,vault logic,0.829,High,BERT+GPT,2025-09-10,2025,2025-09
in-688c9596567360d1,,API endpoints,0.829,High,BERT+GPT,2025-09-10,2025,2025-09
in-688c9596567360d1,,lending,0.831,High,BERT+GPT,2025-09-10,2025,2025-09
in-688c9596567360d1,,AMM protocols,0.828,High,BERT+GPT,2025-09-10,2025,2025-09
in-688c9596567360d1,,predictive analytics,0.828,High,BERT+GPT,2025-09-10,2025,2025-09
in-688c9596567360d1,,risk signal models,0.83,High,BERT+GPT,2025-09-10,2025,2025-09
in-688c9596567360d1,,recommender systems,0.831,High,BERT+GPT,2025-09-10,2025,2025-09
in-688c9596567360d1,,smart contract interactions,0.75,Medium High,GPT,2025-09-10,2025,2025-09
in-688c9596567360d1,,chain interoperability,0.75,Medium High,GPT,2025-09-10,2025,2025-09
in-688c9596567360d1,,DevOps,0.75,Medium High,GPT,2025-09-10,2025,2025-09
in-688c9596567360d1,,"AI integration,",0.532,Medium Low,BERT (standalone),2025-09-10,2025,2025-09
in-688c9596567360d1,,"predictive risk models,",0.532,Medium Low,BERT (standalone),2025-09-10,2025,2025-09
in-688c9596567360d1,,smart automation,0.532,Medium Low,BERT (standalone),2025-09-10,2025,2025-09
in-688c9596567360d1,,back,0.532,Medium Low,BERT (standalone),2025-09-10,2025,2025-09
in-688c9596567360d1,,-end,0.532,Medium Low,BERT (standalone),2025-09-10,2025,2025-09
in-688c9596567360d1,,"Go),",0.532,Medium Low,BERT (standalone),2025-09-10,2025,2025-09
in-df4c58ba7dee56c3,,Python,0.831,High,BERT+GPT,2025-11-12,2025,2025-11
in-df4c58ba7dee56c3,,Django,0.827,High,BERT+GPT,2025-11-12,2025,2025-11
in-df4c58ba7dee56c3,,Flask,0.831,High,BERT+GPT,2025-11-12,2025,2025-11
in-df4c58ba7dee56c3,,FastAPI,0.819,High,BERT+GPT,2025-11-12,2025,2025-11
in-80759602520c230d,,drawing and document templates,0.827,High,BERT+GPT,2025-09-17,2025,2025-09
in-80759602520c230d,,regulatory requirements,0.75,Medium High,GPT,2025-09-17,2025,2025-09
in-80759602520c230d,,customer specifications,0.75,Medium High,GPT,2025-09-17,2025,2025-09
in-80759602520c230d,,engineering and design practices,0.75,Medium High,GPT,2025-09-17,2025,2025-09
in-994763d7530e88b1,,port projects,0.75,Medium High,GPT,2025-11-28,2025,2025-11
in-5dc0137fea6a865d,,technology,0.75,Medium High,GPT,2025-11-27,2025,2025-11
in-5dc0137fea6a865d,,innovation,0.75,Medium High,GPT,2025-11-27,2025,2025-11
in-5dc0137fea6a865d,,aerospace,0.75,Medium High,GPT,2025-11-27,2025,2025-11
in-5dc0137fea6a865d,,smart city,0.75,Medium High,GPT,2025-11-27,2025,2025-11
in-5dc0137fea6a865d,,defence,0.75,Medium High,GPT,2025-11-27,2025,2025-11
in-5dc0137fea6a865d,,public security,0.75,Medium High,GPT,2025-11-27,2025,2025-11
in-9a4ed3eee44b552b,,update,0.83,High,BERT+GPT,2025-11-27,2025,2025-11
in-9a4ed3eee44b552b,,change assistant,0.83,High,BERT+GPT,2025-11-27,2025,2025-11
in-9a4ed3eee44b552b,,PeopleSoft maintenance,0.83,High,BERT+GPT,2025-11-27,2025,2025-11
in-9a4ed3eee44b552b,,application / Tools upgrades,0.831,High,BERT+GPT,2025-11-27,2025,2025-11
in-9a4ed3eee44b552b,,PUM,0.827,High,BERT+GPT,2025-11-27,2025,2025-11
in-1bb577efa30c9a9d,,networking,0.75,Medium High,GPT,2025-11-22,2025,2025-11
in-1bb577efa30c9a9d,,WiFi,0.83,High,BERT+GPT,2025-11-22,2025,2025-11
in-1bb577efa30c9a9d,,hardware,0.75,Medium High,GPT,2025-11-22,2025,2025-11
in-68071ee351033ae8,,flip-chip,0.75,Medium High,GPT,2025-12-01,2025,2025-12
in-68071ee351033ae8,,BGA,0.75,Medium High,GPT,2025-12-01,2025,2025-12
in-68071ee351033ae8,,ASICs,0.75,Medium High,GPT,2025-12-01,2025,2025-12
in-68071ee351033ae8,,SerDes,0.75,Medium High,GPT,2025-12-01,2025,2025-12
in-68071ee351033ae8,,power delivery,0.75,Medium High,GPT,2025-12-01,2025,2025-12
in-68071ee351033ae8,,flip,0.532,Medium Low,BERT (standalone),2025-12-01,2025,2025-12
in-68071ee351033ae8,,-chip,0.532,Medium Low,BERT (standalone),2025-12-01,2025,2025-12
in-68071ee351033ae8,,-BGA,0.532,Medium Low,BERT (standalone),2025-12-01,2025,2025-12
in-cc29618e4e7fdc66,,Xsolla Privacy Notice,0.75,Medium High,GPT,2025-11-26,2025,2025-11
in-c3d2f61b501acb8c,,Orbis Order Comms,0.75,Medium High,GPT,2025-11-28,2025,2025-11
in-c3d2f61b501acb8c,,IPM,0.75,Medium High,GPT,2025-11-28,2025,2025-11
in-c3d2f61b501acb8c,,Orbis ED systems,0.75,Medium High,GPT,2025-11-28,2025,2025-11
in-fafd0a966425224e,,Neurosurgery,0.829,High,BERT+GPT,2025-11-26,2025,2025-11
in-fafd0a966425224e,,Orthopaedics,0.829,High,BERT+GPT,2025-11-26,2025,2025-11
in-fafd0a966425224e,,Plastics,0.827,High,BERT+GPT,2025-11-26,2025,2025-11
in-fafd0a966425224e,,Vascular,0.827,High,BERT+GPT,2025-11-26,2025,2025-11
in-fafd0a966425224e,,Thoracics,0.829,High,BERT+GPT,2025-11-26,2025,2025-11
in-fafd0a966425224e,,Orology,0.828,High,BERT+GPT,2025-11-26,2025,2025-11
in-fafd0a966425224e,,ENT,0.828,High,BERT+GPT,2025-11-26,2025,2025-11
in-fafd0a966425224e,,Paediatrics,0.829,High,BERT+GPT,2025-11-26,2025,2025-11
in-fafd0a966425224e,,General Surgery,0.828,High,BERT+GPT,2025-11-26,2025,2025-11
in-fafd0a966425224e,,HPB,0.827,High,BERT+GPT,2025-11-26,2025,2025-11
in-fafd0a966425224e,,Endoscopy,0.831,High,BERT+GPT,2025-11-26,2025,2025-11
in-fafd0a966425224e,,Radiology Services,0.75,Medium High,GPT,2025-11-26,2025,2025-11
in-761b1a8b3aa91eb0,,data protection strategies,0.75,Medium High,GPT,2025-11-26,2025,2025-11
in-761b1a8b3aa91eb0,,data protection standards,0.75,Medium High,GPT,2025-11-26,2025,2025-11
in-46d754a162037993,,business workflow,0.75,Medium High,GPT,2025-12-01,2025,2025-12
in-46d754a162037993,,framework,0.75,Medium High,GPT,2025-12-01,2025,2025-12
in-cf284d58281847c3,,software development,0.825,High,BERT+GPT,2025-10-29,2025,2025-10
in-cf284d58281847c3,,enterprise AI,0.75,Medium High,GPT,2025-10-29,2025,2025-10
in-086000ce40db58ea,,Microsoft,0.75,Medium High,GPT,2025-11-25,2025,2025-11
in-086000ce40db58ea,,ELT/ETL,0.75,Medium High,GPT,2025-11-25,2025,2025-11
in-086000ce40db58ea,,Power BI,0.831,High,BERT+GPT,2025-11-25,2025,2025-11
in-086000ce40db58ea,,/,0.532,Medium Low,BERT (standalone),2025-11-25,2025,2025-11
in-086000ce40db58ea,,ETL),0.532,Medium Low,BERT (standalone),2025-11-25,2025,2025-11
in-14d73f227fd45146,,ETL,0.831,High,BERT+GPT,2025-11-06,2025,2025-11
in-28a75def2ed995eb,,RMN technology,0.75,Medium High,GPT,2025-11-08,2025,2025-11
in-28a75def2ed995eb,,commerce systems,0.75,Medium High,GPT,2025-11-08,2025,2025-11
in-28a75def2ed995eb,,media systems,0.75,Medium High,GPT,2025-11-08,2025,2025-11
in-28a75def2ed995eb,,marketing systems,0.75,Medium High,GPT,2025-11-08,2025,2025-11
in-0b1202bf3556f0ec,,MS Office,0.75,Medium High,GPT,2025-11-20,2025,2025-11
in-0b1202bf3556f0ec,,MS Project/Asta,0.75,Medium High,GPT,2025-11-20,2025,2025-11
in-0b1202bf3556f0ec,,contract management,0.75,Medium High,GPT,2025-11-20,2025,2025-11
in-0b1202bf3556f0ec,,risk management,0.75,Medium High,GPT,2025-11-20,2025,2025-11
in-0b1202bf3556f0ec,,CIOB,0.75,Medium High,GPT,2025-11-20,2025,2025-11
in-0b1202bf3556f0ec,,RIBA,0.75,Medium High,GPT,2025-11-20,2025,2025-11
in-12dd56b9ad69fd1c,,hydraulic equipment,0.831,High,BERT+GPT,2025-12-01,2025,2025-12
in-12dd56b9ad69fd1c,,cylinders,0.831,High,BERT+GPT,2025-12-01,2025,2025-12
in-12dd56b9ad69fd1c,,operation systems,0.828,High,BERT+GPT,2025-12-01,2025,2025-12
in-12dd56b9ad69fd1c,,HNC qualification,0.532,Medium Low,BERT (standalone),2025-12-01,2025,2025-12
in-965f58ca3e59d3f2,,vehicle configurator,0.75,Medium High,GPT,2025-11-25,2025,2025-11
in-965f58ca3e59d3f2,,payment gateway,0.75,Medium High,GPT,2025-11-25,2025,2025-11
in-965f58ca3e59d3f2,,vehicle delivery management,0.829,High,BERT+GPT,2025-11-25,2025,2025-11
in-965f58ca3e59d3f2,,service scheduling,0.75,Medium High,GPT,2025-11-25,2025,2025-11
in-965f58ca3e59d3f2,,web,0.75,Medium High,GPT,2025-11-25,2025,2025-11
in-965f58ca3e59d3f2,,mobile app,0.75,Medium High,GPT,2025-11-25,2025,2025-11
in-965f58ca3e59d3f2,,in-store,0.75,Medium High,GPT,2025-11-25,2025,2025-11
in-7461bc5cf0db64c7,,acquisition management,0.75,Medium High,GPT,2025-11-25,2025,2025-11
in-7461bc5cf0db64c7,,systems engineering,0.75,Medium High,GPT,2025-11-25,2025,2025-11
in-7461bc5cf0db64c7,,Agile software development,0.75,Medium High,GPT,2025-11-25,2025,2025-11
in-7461bc5cf0db64c7,,cloud management,0.75,Medium High,GPT,2025-11-25,2025,2025-11
in-7461bc5cf0db64c7,,IT modernization,0.75,Medium High,GPT,2025-11-25,2025,2025-11
in-7461bc5cf0db64c7,,data analytics,0.75,Medium High,GPT,2025-11-25,2025,2025-11
in-7461bc5cf0db64c7,,cybersecurity,0.75,Medium High,GPT,2025-11-25,2025,2025-11
in-7461bc5cf0db64c7,,DevSecOps,0.75,Medium High,GPT,2025-11-25,2025,2025-11
in-7461bc5cf0db64c7,,automated testing,0.75,Medium High,GPT,2025-11-25,2025,2025-11
in-7461bc5cf0db64c7,,mobile application development,0.75,Medium High,GPT,2025-11-25,2025,2025-11
in-4250b91d85b051d1,,airworthiness authorities,0.831,High,BERT+GPT,2025-11-14,2025,2025-11
in-6db24020e2a08372,,infrastructure as code (IaC) tools,0.829,High,BERT+GPT,2025-11-20,2025,2025-11
in-00312d85ec873f86,,professional lighting,0.75,Medium High,GPT,2025-11-26,2025,2025-11
in-00312d85ec873f86,,audio,0.825,High,BERT+GPT,2025-11-26,2025,2025-11
in-00312d85ec873f86,,camera systems,0.827,High,BERT+GPT,2025-11-26,2025,2025-11
in-00312d85ec873f86,,live-streaming setups,0.75,Medium High,GPT,2025-11-26,2025,2025-11
in-00312d85ec873f86,,post-production workflows,0.75,Medium High,GPT,2025-11-26,2025,2025-11
in-00312d85ec873f86,,professional,0.532,Medium Low,BERT (standalone),2025-11-26,2025,2025-11
in-00312d85ec873f86,,"lighting,",0.532,Medium Low,BERT (standalone),2025-11-26,2025,2025-11
in-00312d85ec873f86,,live,0.532,Medium Low,BERT (standalone),2025-11-26,2025,2025-11
in-00312d85ec873f86,,"-streaming setups,",0.532,Medium Low,BERT (standalone),2025-11-26,2025,2025-11
in-00312d85ec873f86,,post,0.532,Medium Low,BERT (standalone),2025-11-26,2025,2025-11
in-00312d85ec873f86,,-production workflows.,0.532,Medium Low,BERT (standalone),2025-11-26,2025,2025-11
in-77696a202803c29b,,PLM,0.83,High,BERT+GPT,2025-11-03,2025,2025-11
in-77696a202803c29b,,ERP systems,0.827,High,BERT+GPT,2025-11-03,2025,2025-11
in-77696a202803c29b,,fabric types,0.829,High,BERT+GPT,2025-11-03,2025,2025-11
in-77696a202803c29b,,construction,0.826,High,BERT+GPT,2025-11-03,2025,2025-11
in-77696a202803c29b,,finishing,0.75,Medium High,GPT,2025-11-03,2025,2025-11
in-77696a202803c29b,,performance characteristics,0.75,Medium High,GPT,2025-11-03,2025,2025-11
in-77696a202803c29b,,material development,0.828,High,BERT+GPT,2025-11-03,2025,2025-11
in-77696a202803c29b,,sourcing,0.827,High,BERT+GPT,2025-11-03,2025,2025-11
in-77696a202803c29b,,lifecycle management,0.828,High,BERT+GPT,2025-11-03,2025,2025-11
in-77696a202803c29b,,sustainability standards,0.75,Medium High,GPT,2025-11-03,2025,2025-11
in-77696a202803c29b,,textile materials,0.75,Medium High,GPT,2025-11-03,2025,2025-11
in-77696a202803c29b,,/,0.532,Medium Low,BERT (standalone),2025-11-03,2025,2025-11
in-77696a202803c29b,,"finishing, and performance characteristics.",0.532,Medium Low,BERT (standalone),2025-11-03,2025,2025-11
in-b9d4aea91e3f2d0c,,Epic Ambulatory,0.75,Medium High,GPT,2025-11-28,2025,2025-11
in-27d3e2e8b7c41d36,,APIs,0.75,Medium High,GPT,2025-11-25,2025,2025-11
in-27d3e2e8b7c41d36,,NDC standards,0.75,Medium High,GPT,2025-11-25,2025,2025-11
in-8ad8e7c8de4037c3,,AWS,0.831,High,BERT+GPT,2025-04-11,2025,2025-04
in-8ad8e7c8de4037c3,,cloud security,0.831,High,BERT+GPT,2025-04-11,2025,2025-04
in-8ad8e7c8de4037c3,,enterprise security,0.83,High,BERT+GPT,2025-04-11,2025,2025-04
in-8ad8e7c8de4037c3,,WAF,0.825,High,BERT+GPT,2025-04-11,2025,2025-04
in-8ad8e7c8de4037c3,,IPS,0.827,High,BERT+GPT,2025-04-11,2025,2025-04
in-8ad8e7c8de4037c3,,Anti-DDOS,0.82,High,BERT+GPT,2025-04-11,2025,2025-04
in-8ad8e7c8de4037c3,,SIEM,0.831,High,BERT+GPT,2025-04-11,2025,2025-04
in-8ad8e7c8de4037c3,,Anti,0.532,Medium Low,BERT (standalone),2025-04-11,2025,2025-04
in-cd349d1d935d2e5e,,database infrastructure,0.75,Medium High,GPT,2025-11-19,2025,2025-11
in-cd349d1d935d2e5e,,data storage,0.75,Medium High,GPT,2025-11-19,2025,2025-11
in-cd349d1d935d2e5e,,data protection,0.75,Medium High,GPT,2025-11-19,2025,2025-11
in-1275cf05b8a8e15e,,online payments,0.75,Medium High,GPT,2025-11-27,2025,2025-11
in-1275cf05b8a8e15e,,financial partners,0.75,Medium High,GPT,2025-11-27,2025,2025-11
in-1275cf05b8a8e15e,,banking partners,0.75,Medium High,GPT,2025-11-27,2025,2025-11
in-db50373d77abc3a2,,AI,0.75,Medium High,GPT,2025-10-07,2025,2025-10
in-db50373d77abc3a2,,Data,0.831,High,BERT+GPT,2025-10-07,2025,2025-10
in-b623fdf7e964fd6d,,Code de conduite,0.75,Medium High,GPT,2025-12-01,2025,2025-12
in-bc3b380ce792d5ca,,real-time dashboards,0.75,Medium High,GPT,2025-11-26,2025,2025-11
in-bc3b380ce792d5ca,,analytics tools,0.828,High,BERT+GPT,2025-11-26,2025,2025-11
in-bc3b380ce792d5ca,,AI,0.75,Medium High,GPT,2025-11-26,2025,2025-11
in-bc3b380ce792d5ca,,Figma,0.75,Medium High,GPT,2025-11-26,2025,2025-11
in-bc3b380ce792d5ca,,Behance,0.75,Medium High,GPT,2025-11-26,2025,2025-11
in-bc3b380ce792d5ca,,Dribbble,0.75,Medium High,GPT,2025-11-26,2025,2025-11
in-bc3b380ce792d5ca,,PDF,0.75,Medium High,GPT,2025-11-26,2025,2025-11
in-bc3b380ce792d5ca,,real,0.532,Medium Low,BERT (standalone),2025-11-26,2025,2025-11
in-bc3b380ce792d5ca,,"-time dashboards,",0.532,Medium Low,BERT (standalone),2025-11-26,2025,2025-11
in-bc3b380ce792d5ca,,voice or,0.532,Medium Low,BERT (standalone),2025-11-26,2025,2025-11
in-bc3b380ce792d5ca,,AI -related,0.532,Medium Low,BERT (standalone),2025-11-26,2025,2025-11
in-69b68bde3423c7fc,,Salesforce,0.831,High,BERT+GPT,2025-12-01,2025,2025-12
in-69b68bde3423c7fc,,Admin,0.75,Medium High,GPT,2025-12-01,2025,2025-12
in-69b68bde3423c7fc,,Platform App Builder,0.75,Medium High,GPT,2025-12-01,2025,2025-12
in-69b68bde3423c7fc,,Platform Developer,0.75,Medium High,GPT,2025-12-01,2025,2025-12
in-1aa0a368df24410e,,Angular,0.75,Medium High,GPT,2025-11-24,2025,2025-11
in-1aa0a368df24410e,,React,0.823,High,BERT+GPT,2025-11-24,2025,2025-11
in-1aa0a368df24410e,,Node.js,0.826,High,BERT+GPT,2025-11-24,2025,2025-11
in-1aa0a368df24410e,,databases,0.831,High,BERT+GPT,2025-11-24,2025,2025-11
in-bfafddc5c4fcdca4,,Sales CRM,0.831,High,BERT+GPT,2025-11-24,2025,2025-11
in-bfafddc5c4fcdca4,,Salesforce,0.831,High,BERT+GPT,2025-11-24,2025,2025-11
in-b43f970b349508c3,,Dayforce HCM platform,0.75,Medium High,GPT,2025-12-01,2025,2025-12
in-a8c9ec23b2864f1d,,electrical distribution system design,0.831,High,BERT+GPT,2025-11-13,2025,2025-11
in-a8c9ec23b2864f1d,,overhead electrical distribution systems,0.75,Medium High,GPT,2025-11-13,2025,2025-11
in-a8c9ec23b2864f1d,,underground electrical distribution systems,0.831,High,BERT+GPT,2025-11-13,2025,2025-11
in-a8c9ec23b2864f1d,,industry standards,0.75,Medium High,GPT,2025-11-13,2025,2025-11
in-a8c9ec23b2864f1d,,G Class Ontario driver’s licence,0.75,Medium High,GPT,2025-11-13,2025,2025-11
in-a8c9ec23b2864f1d,,G Class Ontario,0.532,Medium Low,BERT (standalone),2025-11-13,2025,2025-11
in-a8c9ec23b2864f1d,,overhead and,0.532,Medium Low,BERT (standalone),2025-11-13,2025,2025-11
in-ad79e85e7bf42da7,,Enterprise CRM Solutions,0.75,Medium High,GPT,2025-12-01,2025,2025-12
in-ad79e85e7bf42da7,,Framework for Winning,0.75,Medium High,GPT,2025-12-01,2025,2025-12
in-0e1bdbb226a3d5af,,Kubernetes,0.831,High,BERT+GPT,2025-11-19,2025,2025-11
in-0e1bdbb226a3d5af,,DevOps,0.831,High,BERT+GPT,2025-11-19,2025,2025-11
in-8a05d38449430198,,accessibility best practices,0.83,High,BERT+GPT,2025-11-27,2025,2025-11
in-8a05d38449430198,,Walmart’s accessibility standards and guidelines,0.75,Medium High,GPT,2025-11-27,2025,2025-11
in-5234a3e36083c4a4,,data science,0.83,High,BERT+GPT,2025-11-13,2025,2025-11
in-5234a3e36083c4a4,,machine learning,0.822,High,BERT+GPT,2025-11-13,2025,2025-11
in-5234a3e36083c4a4,,front end systems,0.75,Medium High,GPT,2025-11-13,2025,2025-11
in-5234a3e36083c4a4,,derivatives book,0.75,Medium High,GPT,2025-11-13,2025,2025-11
in-4664ea614c51f527,,Photoshop,0.825,High,BERT+GPT,2025-11-26,2025,2025-11
in-8309226b8eb92e80,,politiques de confidentialité,0.75,Medium High,GPT,2025-11-07,2025,2025-11
in-342b32d766851b29,,Arena,0.831,High,BERT+GPT,2025-11-26,2025,2025-11
in-342b32d766851b29,,Video Routing,0.831,High,BERT+GPT,2025-11-26,2025,2025-11
in-342b32d766851b29,,Production Control Room systems,0.831,High,BERT+GPT,2025-11-26,2025,2025-11
in-342b32d766851b29,,AV equipment,0.75,Medium High,GPT,2025-11-26,2025,2025-11
in-f6f38be2ac0d3b85,,Aotearoa,0.75,Medium High,GPT,2025-11-24,2025,2025-11
in-f6f38be2ac0d3b85,,Te Oranga o te Ao Turoa,0.75,Medium High,GPT,2025-11-24,2025,2025-11
in-f6f38be2ac0d3b85,,Department of Conservation Te Papa Atawhai,0.75,Medium High,GPT,2025-11-24,2025,2025-11
in-a4adb73384054d6f,,database,0.75,Medium High,GPT,2025-11-27,2025,2025-11
in-a4adb73384054d6f,,suppliers,0.75,Medium High,GPT,2025-11-27,2025,2025-11
in-a4adb73384054d6f,,part numbers,0.75,Medium High,GPT,2025-11-27,2025,2025-11
in-a4adb73384054d6f,,costings,0.75,Medium High,GPT,2025-11-27,2025,2025-11
in-c8b3a591976a74f1,,modern software design principles,0.825,High,BERT+GPT,2025-11-27,2025,2025-11
in-c8b3a591976a74f1,,CI/CD best practices,0.75,Medium High,GPT,2025-11-27,2025,2025-11
in-c8b3a591976a74f1,,Cloud Infrastructure & Orchestration,0.829,High,BERT+GPT,2025-11-27,2025,2025-11
in-c8b3a591976a74f1,,Cloud Run,0.828,High,BERT+GPT,2025-11-27,2025,2025-11
in-c8b3a591976a74f1,,Pub/Sub,0.75,Medium High,GPT,2025-11-27,2025,2025-11
in-c8b3a591976a74f1,,BigQuery,0.828,High,BERT+GPT,2025-11-27,2025,2025-11
in-c8b3a591976a74f1,,modern,0.532,Medium Low,BERT (standalone),2025-11-27,2025,2025-11
in-c8b3a591976a74f1,,CI,0.532,Medium Low,BERT (standalone),2025-11-27,2025,2025-11
in-c8b3a591976a74f1,,/,0.532,Medium Low,BERT (standalone),2025-11-27,2025,2025-11
in-c8b3a591976a74f1,,CD best practices.,0.532,Medium Low,BERT (standalone),2025-11-27,2025,2025-11
in-c8b3a591976a74f1,,Pub,0.532,Medium Low,BERT (standalone),2025-11-27,2025,2025-11
in-c8b3a591976a74f1,,/,0.532,Medium Low,BERT (standalone),2025-11-27,2025,2025-11
in-c8b3a591976a74f1,,"Sub,",0.532,Medium Low,BERT (standalone),2025-11-27,2025,2025-11
in-3f4b9ac6571c8e8a,,sponsored content,0.75,Medium High,GPT,2025-05-28,2025,2025-05
in-3f4b9ac6571c8e8a,,blended ad-organic formats,0.75,Medium High,GPT,2025-05-28,2025,2025-05
in-deb73d430b786346,,Microsoft Visio,0.75,Medium High,GPT,2025-11-10,2025,2025-11
in-deb73d430b786346,,middleware infrastructure,0.75,Medium High,GPT,2025-11-10,2025,2025-11
in-deb73d430b786346,,Microsoft,0.532,Medium Low,BERT (standalone),2025-11-10,2025,2025-11
in-deb73d430b786346,,Visio,0.532,Medium Low,BERT (standalone),2025-11-10,2025,2025-11
in-7d12206e33578a17,,motions,0.825,High,BERT+GPT,2025-11-26,2025,2025-11
in-7d12206e33578a17,,search warrants,0.828,High,BERT+GPT,2025-11-26,2025,2025-11
in-7d12206e33578a17,,arrest warrants,0.827,High,BERT+GPT,2025-11-26,2025,2025-11
in-7d12206e33578a17,,legal databases,0.75,Medium High,GPT,2025-11-26,2025,2025-11
in-7d12206e33578a17,,software systems,0.75,Medium High,GPT,2025-11-26,2025,2025-11
in-32dc997e3646c5ee,,Commerce,0.831,High,BERT+GPT,2025-11-25,2025,2025-11
in-32dc997e3646c5ee,,case studies,0.831,High,BERT+GPT,2025-11-25,2025,2025-11
in-3bceae6430a2579d,,Salesforce,0.75,Medium High,GPT,2025-06-15,2025,2025-06
in-22edc9e9cdcf8599,,system design,0.831,High,BERT+GPT,2025-11-28,2025,2025-11
in-22edc9e9cdcf8599,,capacity planning,0.831,High,BERT+GPT,2025-11-28,2025,2025-11
in-22edc9e9cdcf8599,,launch reviews,0.826,High,BERT+GPT,2025-11-28,2025,2025-11
in-22edc9e9cdcf8599,,automation,0.75,Medium High,GPT,2025-11-28,2025,2025-11
in-22edc9e9cdcf8599,,incident response,0.75,Medium High,GPT,2025-11-28,2025,2025-11
in-22edc9e9cdcf8599,,postmortems,0.75,Medium High,GPT,2025-11-28,2025,2025-11
in-5eec5c1654434b7f,,Data,0.824,High,BERT+GPT,2025-07-31,2025,2025-07
in-5eec5c1654434b7f,,AI/ML,0.75,Medium High,GPT,2025-07-31,2025,2025-07
in-5eec5c1654434b7f,,Digital Transformation,0.831,High,BERT+GPT,2025-07-31,2025,2025-07
in-5eec5c1654434b7f,,AI /,0.532,Medium Low,BERT (standalone),2025-07-31,2025,2025-07
in-5eec5c1654434b7f,,"ML,",0.532,Medium Low,BERT (standalone),2025-07-31,2025,2025-07
in-a61c1082390cb772,,SAFTs,0.828,High,BERT+GPT,2025-11-14,2025,2025-11
in-d2c6a2161837d30b,,Software Engineering,0.831,High,BERT+GPT,2025-11-01,2025,2025-11
in-d2c6a2161837d30b,,Systems Design,0.75,Medium High,GPT,2025-11-01,2025,2025-11
in-d2c6a2161837d30b,,Golang,0.75,Medium High,GPT,2025-11-01,2025,2025-11
in-d2c6a2161837d30b,,Python,0.825,High,BERT+GPT,2025-11-01,2025,2025-11
in-150910c964a7e78b,,drug discovery,0.75,Medium High,GPT,2025-06-09,2025,2025-06
in-150910c964a7e78b,,therapeutic options,0.75,Medium High,GPT,2025-06-09,2025,2025-06
in-150910c964a7e78b,,clinical candidates,0.75,Medium High,GPT,2025-06-09,2025,2025-06
in-150910c964a7e78b,,preclinical candidates,0.75,Medium High,GPT,2025-06-09,2025,2025-06
in-002382e99b8a2bc3,,New Zealand Financial Intelligence Unit,0.75,Medium High,GPT,2025-12-01,2025,2025-12
in-002382e99b8a2bc3,,serious criminal offences,0.75,Medium High,GPT,2025-12-01,2025,2025-12
in-002382e99b8a2bc3,,financing of terrorism,0.75,Medium High,GPT,2025-12-01,2025,2025-12
in-002382e99b8a2bc3,,international law,0.75,Medium High,GPT,2025-12-01,2025,2025-12
in-11c4afe5bb429f5d,,casino games,0.831,High,BERT+GPT,2025-07-24,2025,2025-07
in-11c4afe5bb429f5d,,sports betting apps,0.829,High,BERT+GPT,2025-07-24,2025,2025-07
in-11c4afe5bb429f5d,,iGaming,0.827,High,BERT+GPT,2025-07-24,2025,2025-07
in-11c4afe5bb429f5d,,regulated industries,0.828,High,BERT+GPT,2025-07-24,2025,2025-07
in-3d7141f697c3fe70,,Great Lakes research,0.75,Medium High,GPT,2025-12-01,2025,2025-12
in-3d7141f697c3fe70,,medical innovation,0.75,Medium High,GPT,2025-12-01,2025,2025-12
in-3d7141f697c3fe70,,engineering technology,0.75,Medium High,GPT,2025-12-01,2025,2025-12
in-0638af7971a65d74,,motion design,0.827,High,BERT+GPT,2025-11-18,2025,2025-11
in-0638af7971a65d74,,animation,0.82,High,BERT+GPT,2025-11-18,2025,2025-11
in-0638af7971a65d74,,3D visual design,0.831,High,BERT+GPT,2025-11-18,2025,2025-11
in-f23bac06477c1d22,,data management practice,0.827,High,BERT+GPT,2025-12-01,2025,2025-12
in-4fd0db2432a8f15f,,Mobile QA,0.75,Medium High,GPT,2025-12-02,2025,2025-12
in-658b6d0065cfab20,,information security domain,0.827,High,BERT+GPT,2025-10-10,2025,2025-10
in-a50050792796d401,,MS365,0.831,High,BERT+GPT,2025-11-30,2025,2025-11
in-a50050792796d401,,Power BI,0.829,High,BERT+GPT,2025-11-30,2025,2025-11
in-e0ae2731dd70688b,,AI-driven automation,0.75,Medium High,GPT,2025-09-16,2025,2025-09
in-e0ae2731dd70688b,,SAP S/4HANA,0.75,Medium High,GPT,2025-09-16,2025,2025-09
in-d4883d25e10d10fc,,Financial Services industry,0.827,High,BERT+GPT,2025-11-26,2025,2025-11
in-d4883d25e10d10fc,,APAC,0.828,High,BERT+GPT,2025-11-26,2025,2025-11
in-d4883d25e10d10fc,,AI/ML,0.75,Medium High,GPT,2025-11-26,2025,2025-11
in-d4883d25e10d10fc,,data management principles,0.829,High,BERT+GPT,2025-11-26,2025,2025-11
in-d4883d25e10d10fc,,data & AI technologies and ecosystem,0.829,High,BERT+GPT,2025-11-26,2025,2025-11
in-d4883d25e10d10fc,,cross,0.532,Medium Low,BERT (standalone),2025-11-26,2025,2025-11
in-d4883d25e10d10fc,,"-functional collaboration,",0.532,Medium Low,BERT (standalone),2025-11-26,2025,2025-11
in-d4883d25e10d10fc,,"data,",0.532,Medium Low,BERT (standalone),2025-11-26,2025,2025-11
in-d4883d25e10d10fc,,"analytics,",0.532,Medium Low,BERT (standalone),2025-11-26,2025,2025-11
in-d4883d25e10d10fc,,AI,0.532,Medium Low,BERT (standalone),2025-11-26,2025,2025-11
in-d4883d25e10d10fc,,/,0.532,Medium Low,BERT (standalone),2025-11-26,2025,2025-11
in-d4883d25e10d10fc,,"ML,",0.532,Medium Low,BERT (standalone),2025-11-26,2025,2025-11
in-70fd1b405f4402fc,,power supply sector,0.75,Medium High,GPT,2025-11-10,2025,2025-11
in-70fd1b405f4402fc,,electricity market structure,0.75,Medium High,GPT,2025-11-10,2025,2025-11
in-70fd1b405f4402fc,,renewables,0.75,Medium High,GPT,2025-11-10,2025,2025-11
in-70fd1b405f4402fc,,flexibility products,0.75,Medium High,GPT,2025-11-10,2025,2025-11
in-70fd1b405f4402fc,,batteries,0.75,Medium High,GPT,2025-11-10,2025,2025-11
in-70fd1b405f4402fc,,demand response market,0.831,High,BERT+GPT,2025-11-10,2025,2025-11
in-70fd1b405f4402fc,,business models,0.75,Medium High,GPT,2025-11-10,2025,2025-11
in-bdd27d5333d5f2c2,,PLCs,0.831,High,BERT+GPT,2025-01-06,2025,2025-01
in-bdd27d5333d5f2c2,,Allen Bradley,0.75,Medium High,GPT,2025-01-06,2025,2025-01
in-bdd27d5333d5f2c2,,Allen,0.532,Medium Low,BERT (standalone),2025-01-06,2025,2025-01
in-bdd27d5333d5f2c2,,Bradley.,0.532,Medium Low,BERT (standalone),2025-01-06,2025,2025-01
in-ada04a42079597a9,,Kairoi,0.75,Medium High,GPT,2025-11-25,2025,2025-11
in-832889a1223dd15f,,agile,0.831,High,BERT+GPT,2025-11-26,2025,2025-11
in-832889a1223dd15f,,clean code,0.831,High,BERT+GPT,2025-11-26,2025,2025-11
in-832889a1223dd15f,,AI tools,0.75,Medium High,GPT,2025-11-26,2025,2025-11
in-70d9729b33e91bda,,DevOps,0.831,High,BERT+GPT,2025-11-25,2025,2025-11
in-54ab798f3fcbfa6e,,ETL,0.831,High,BERT+GPT,2025-11-17,2025,2025-11
in-5954110f7af52605,,Microsoft Fabric,0.831,High,BERT+GPT,2025-09-10,2025,2025-09
in-5954110f7af52605,,C#/.Net,0.75,Medium High,GPT,2025-09-10,2025,2025-09
in-5954110f7af52605,,C#/.Net Core,0.823,High,BERT+GPT,2025-09-10,2025,2025-09
in-5954110f7af52605,,NodeJS,0.83,High,BERT+GPT,2025-09-10,2025,2025-09
in-5954110f7af52605,,Event Sourcing,0.829,High,BERT+GPT,2025-09-10,2025,2025-09
in-5954110f7af52605,,Domain Driven Design,0.829,High,BERT+GPT,2025-09-10,2025,2025-09
in-5954110f7af52605,,Service Oriented Architectures,0.83,High,BERT+GPT,2025-09-10,2025,2025-09
in-5954110f7af52605,,Hexagonal/Onion/Clean architecture,0.75,Medium High,GPT,2025-09-10,2025,2025-09
in-5954110f7af52605,,EventStore,0.75,Medium High,GPT,2025-09-10,2025,2025-09
in-5954110f7af52605,,Temporal,0.75,Medium High,GPT,2025-09-10,2025,2025-09
in-5954110f7af52605,,GraphQL,0.75,Medium High,GPT,2025-09-10,2025,2025-09
in-5954110f7af52605,,REST,0.75,Medium High,GPT,2025-09-10,2025,2025-09
in-5954110f7af52605,,web services,0.75,Medium High,GPT,2025-09-10,2025,2025-09
in-5954110f7af52605,,Auth0,0.75,Medium High,GPT,2025-09-10,2025,2025-09
in-5954110f7af52605,,AI,0.75,Medium High,GPT,2025-09-10,2025,2025-09
in-5954110f7af52605,,DevOps Tools,0.75,Medium High,GPT,2025-09-10,2025,2025-09
in-5954110f7af52605,,Bachelor’s degree,0.532,Medium Low,BERT (standalone),2025-09-10,2025,2025-09
in-5954110f7af52605,,"Computer Science,",0.532,Medium Low,BERT (standalone),2025-09-10,2025,2025-09
in-5954110f7af52605,,"Engineering,",0.532,Medium Low,BERT (standalone),2025-09-10,2025,2025-09
in-5954110f7af52605,,Technology,0.532,Medium Low,BERT (standalone),2025-09-10,2025,2025-09
in-5954110f7af52605,,data platforms,0.532,Medium Low,BERT (standalone),2025-09-10,2025,2025-09
in-5954110f7af52605,,"Programming,",0.532,Medium Low,BERT (standalone),2025-09-10,2025,2025-09
in-5954110f7af52605,,C,0.532,Medium Low,BERT (standalone),2025-09-10,2025,2025-09
in-5954110f7af52605,,#,0.532,Medium Low,BERT (standalone),2025-09-10,2025,2025-09
in-5954110f7af52605,,/,0.532,Medium Low,BERT (standalone),2025-09-10,2025,2025-09
in-5954110f7af52605,,".Net,",0.532,Medium Low,BERT (standalone),2025-09-10,2025,2025-09
in-5954110f7af52605,,C,0.532,Medium Low,BERT (standalone),2025-09-10,2025,2025-09
in-5954110f7af52605,,#,0.532,Medium Low,BERT (standalone),2025-09-10,2025,2025-09
in-5954110f7af52605,,/,0.532,Medium Low,BERT (standalone),2025-09-10,2025,2025-09
in-5954110f7af52605,,Hexagonal,0.532,Medium Low,BERT (standalone),2025-09-10,2025,2025-09
in-5954110f7af52605,,/,0.532,Medium Low,BERT (standalone),2025-09-10,2025,2025-09
in-5954110f7af52605,,Onion / Clean architecture,0.532,Medium Low,BERT (standalone),2025-09-10,2025,2025-09
in-41a6dff1f5b57c84,,communications,0.75,Medium High,GPT,2025-11-11,2025,2025-11
in-41a6dff1f5b57c84,,commerce,0.75,Medium High,GPT,2025-11-11,2025,2025-11
in-41a6dff1f5b57c84,,consultancy,0.75,Medium High,GPT,2025-11-11,2025,2025-11
in-41a6dff1f5b57c84,,CRM,0.75,Medium High,GPT,2025-11-11,2025,2025-11
in-41a6dff1f5b57c84,,CX,0.75,Medium High,GPT,2025-11-11,2025,2025-11
in-41a6dff1f5b57c84,,data,0.75,Medium High,GPT,2025-11-11,2025,2025-11
in-41a6dff1f5b57c84,,production,0.75,Medium High,GPT,2025-11-11,2025,2025-11
in-41a6dff1f5b57c84,,technology,0.75,Medium High,GPT,2025-11-11,2025,2025-11
in-306171b39786b1a3,,ML lifecycle,0.827,High,BERT+GPT,2025-11-28,2025,2025-11
in-306171b39786b1a3,,end,0.532,Medium Low,BERT (standalone),2025-11-28,2025,2025-11
in-306171b39786b1a3,,-to,0.532,Medium Low,BERT (standalone),2025-11-28,2025,2025-11
in-306171b39786b1a3,,-end,0.532,Medium Low,BERT (standalone),2025-11-28,2025,2025-11
in-6b86cc05a799e7e1,,traditional cooking methods,0.75,Medium High,GPT,2025-11-26,2025,2025-11
in-6b86cc05a799e7e1,,food preparation,0.828,High,BERT+GPT,2025-11-26,2025,2025-11
in-6b86cc05a799e7e1,,kitchen hygiene,0.75,Medium High,GPT,2025-11-26,2025,2025-11
in-df6f85e26c061439,,FinTech,0.75,Medium High,GPT,2025-11-24,2025,2025-11
in-3d899a7031d4495e,,data architecture,0.822,High,BERT+GPT,2025-11-18,2025,2025-11
in-3d899a7031d4495e,,modeling,0.75,Medium High,GPT,2025-11-18,2025,2025-11
in-3d899a7031d4495e,,big data technologies,0.831,High,BERT+GPT,2025-11-18,2025,2025-11
in-e68269eebf1cd2f3,,plumbing regulations,0.75,Medium High,GPT,2025-12-01,2025,2025-12
in-e68269eebf1cd2f3,,mechanical competence,0.75,Medium High,GPT,2025-12-01,2025,2025-12
in-e68269eebf1cd2f3,,electrical competence,0.75,Medium High,GPT,2025-12-01,2025,2025-12
in-e68269eebf1cd2f3,,gas equipment,0.75,Medium High,GPT,2025-12-01,2025,2025-12
in-3507d5458ccd4401,,endometriosis,0.75,Medium High,GPT,2025-11-28,2025,2025-11
in-3507d5458ccd4401,,holistic approach to care,0.75,Medium High,GPT,2025-11-28,2025,2025-11
in-e448b26aaa4bd60d,,computer,0.831,High,BERT+GPT,2025-08-13,2025,2025-08
in-12a1df82aa09e135,,jewelry design,0.83,High,BERT+GPT,2025-11-04,2025,2025-11
in-f40216f9c715c298,,production studios,0.831,High,BERT+GPT,2025-11-09,2025,2025-11
in-f40216f9c715c298,,triple bidding process,0.83,High,BERT+GPT,2025-11-09,2025,2025-11
in-f394adc0c6946005,,object oriented programming,0.823,High,BERT+GPT,2025-11-20,2025,2025-11
in-f394adc0c6946005,,data structures,0.819,High,BERT+GPT,2025-11-20,2025,2025-11
in-f394adc0c6946005,,algorithms,0.75,Medium High,GPT,2025-11-20,2025,2025-11
in-dd1ae4627c1642cf,,AI,0.75,Medium High,GPT,2025-11-27,2025,2025-11
in-dd1ae4627c1642cf,,cloud,0.75,Medium High,GPT,2025-11-27,2025,2025-11
in-dd1ae4627c1642cf,,data,0.75,Medium High,GPT,2025-11-27,2025,2025-11
in-dd1ae4627c1642cf,,industry expertise,0.75,Medium High,GPT,2025-11-27,2025,2025-11
in-dd1ae4627c1642cf,,partner ecosystem,0.75,Medium High,GPT,2025-11-27,2025,2025-11
in-54f629fd364714ed,,data warehouse,0.75,Medium High,GPT,2025-11-05,2025,2025-11
in-8082f00eb720b9ce,,RAIMS,0.75,Medium High,GPT,2025-08-15,2025,2025-08
in-8082f00eb720b9ce,,ISO/IEC 42001,0.75,Medium High,GPT,2025-08-15,2025,2025-08
in-8082f00eb720b9ce,,EU AI Act,0.75,Medium High,GPT,2025-08-15,2025,2025-08
in-8082f00eb720b9ce,,Responsible AI Management Systems,0.75,Medium High,GPT,2025-08-15,2025,2025-08
in-20200c59359816e2,,OneStream platform,0.75,Medium High,GPT,2025-12-02,2025,2025-12
in-3e332c91d6fcc338,,AI,0.831,High,BERT+GPT,2025-10-13,2025,2025-10
in-3e332c91d6fcc338,,GEN AI,0.75,Medium High,GPT,2025-10-13,2025,2025-10
in-3e332c91d6fcc338,,GEN,0.532,Medium Low,BERT (standalone),2025-10-13,2025,2025-10
in-c1ee2bf9c7641210,,Java,0.75,Medium High,GPT,2025-12-01,2025,2025-12
in-18f1331162449a3f,,Purview,0.75,Medium High,GPT,2025-11-26,2025,2025-11
in-18f1331162449a3f,,Alation,0.75,Medium High,GPT,2025-11-26,2025,2025-11
in-18f1331162449a3f,,Collibra,0.75,Medium High,GPT,2025-11-26,2025,2025-11
in-18f1331162449a3f,,SaaS,0.831,High,BERT+GPT,2025-11-26,2025,2025-11
in-18f1331162449a3f,,Monthly Recurring Revenue (MRR),0.75,Medium High,GPT,2025-11-26,2025,2025-11
in-18f1331162449a3f,,Churn Rate,0.75,Medium High,GPT,2025-11-26,2025,2025-11
in-18f1331162449a3f,,Customer Acquisition Cost (CAC),0.75,Medium High,GPT,2025-11-26,2025,2025-11
in-18f1331162449a3f,,Customer Lifetime Value (CLTV),0.75,Medium High,GPT,2025-11-26,2025,2025-11
in-18f1331162449a3f,,scale,0.532,Medium Low,BERT (standalone),2025-11-26,2025,2025-11
in-18f1331162449a3f,,-up,0.532,Medium Low,BERT (standalone),2025-11-26,2025,2025-11
in-e5fcb146e8b9f431,,global perspectives,0.75,Medium High,GPT,2025-11-05,2025,2025-11
in-e5fcb146e8b9f431,,artistic movements,0.75,Medium High,GPT,2025-11-05,2025,2025-11
in-e5fcb146e8b9f431,,design innovation,0.75,Medium High,GPT,2025-11-05,2025,2025-11
in-e5fcb146e8b9f431,,culture,0.75,Medium High,GPT,2025-11-05,2025,2025-11
in-e5fcb146e8b9f431,,technology,0.75,Medium High,GPT,2025-11-05,2025,2025-11
in-e5fcb146e8b9f431,,society,0.75,Medium High,GPT,2025-11-05,2025,2025-11
in-e5fcb146e8b9f431,,time-based media,0.75,Medium High,GPT,2025-11-05,2025,2025-11
in-e5fcb146e8b9f431,,narrative development,0.828,High,BERT+GPT,2025-11-05,2025,2025-11
in-e5fcb146e8b9f431,,visual storytelling,0.75,Medium High,GPT,2025-11-05,2025,2025-11
in-00c0b91f9c9cb324,,AECOM University,0.75,Medium High,GPT,2025-11-04,2025,2025-11
in-00c0b91f9c9cb324,,Graduate Development Programme,0.75,Medium High,GPT,2025-11-04,2025,2025-11
in-00c0b91f9c9cb324,,live projects,0.75,Medium High,GPT,2025-11-04,2025,2025-11
in-00c0b91f9c9cb324,,live,0.532,Medium Low,BERT (standalone),2025-11-04,2025,2025-11
in-1817e77fde92559f,,infrastructure,0.826,High,BERT+GPT,2025-11-19,2025,2025-11
in-1817e77fde92559f,,application engineering,0.75,Medium High,GPT,2025-11-19,2025,2025-11
in-1817e77fde92559f,,reliability engineering,0.822,High,BERT+GPT,2025-11-19,2025,2025-11
in-6195fbab8cf1bc1f,,MongoDB,0.75,Medium High,GPT,2025-11-26,2025,2025-11
in-6195fbab8cf1bc1f,,message queue technology,0.831,High,BERT+GPT,2025-11-26,2025,2025-11
in-6195fbab8cf1bc1f,,design patterns,0.831,High,BERT+GPT,2025-11-26,2025,2025-11
in-6195fbab8cf1bc1f,,NodeJS,0.831,High,BERT+GPT,2025-11-26,2025,2025-11
in-6195fbab8cf1bc1f,,JavaScript,0.823,High,BERT+GPT,2025-11-26,2025,2025-11
in-6195fbab8cf1bc1f,,TypeScript,0.831,High,BERT+GPT,2025-11-26,2025,2025-11
in-6195fbab8cf1bc1f,,Amazon Web Services,0.827,High,BERT+GPT,2025-11-26,2025,2025-11
in-6195fbab8cf1bc1f,,object,0.532,Medium Low,BERT (standalone),2025-11-26,2025,2025-11
in-6195fbab8cf1bc1f,,-oriented languages,0.532,Medium Low,BERT (standalone),2025-11-26,2025,2025-11
in-d1c3064ca0a52a90,,database,0.75,Medium High,GPT,2025-11-09,2025,2025-11
in-d1c3064ca0a52a90,,data pipeline,0.75,Medium High,GPT,2025-11-09,2025,2025-11
in-d1c3064ca0a52a90,,dashboards,0.75,Medium High,GPT,2025-11-09,2025,2025-11
in-2852318d9eae20d7,,data,0.75,Medium High,GPT,2025-12-02,2025,2025-12
in-2852318d9eae20d7,,clinical KPIs,0.75,Medium High,GPT,2025-12-02,2025,2025-12
in-2852318d9eae20d7,,audits,0.75,Medium High,GPT,2025-12-02,2025,2025-12
in-d3049bbf5736b160,,AI productivity,0.75,Medium High,GPT,2025-10-21,2025,2025-10
in-ea2a9e0627ec4b56,,algorithmic trading,0.75,Medium High,GPT,2025-08-25,2025,2025-08
in-ea2a9e0627ec4b56,,proprietary dataspaces,0.75,Medium High,GPT,2025-08-25,2025,2025-08
in-ea2a9e0627ec4b56,,modelling approaches,0.75,Medium High,GPT,2025-08-25,2025,2025-08
in-ea2a9e0627ec4b56,,algorithmic,0.532,Medium Low,BERT (standalone),2025-08-25,2025,2025-08
in-f212c6ad771f68f6,,SSCC,0.831,High,BERT+GPT,2025-12-01,2025,2025-12
in-f212c6ad771f68f6,,CPS,0.821,High,BERT+GPT,2025-12-01,2025,2025-12
in-f212c6ad771f68f6,,Standard Operating Procedures,0.75,Medium High,GPT,2025-12-01,2025,2025-12
in-f212c6ad771f68f6,,Community-Based Care,0.75,Medium High,GPT,2025-12-01,2025,2025-12
in-5906aa7cd05b4ccd,,Agricultural Policy,0.829,High,BERT+GPT,2025-12-01,2025,2025-12
in-5906aa7cd05b4ccd,,Automatic Identification,0.75,Medium High,GPT,2025-12-01,2025,2025-12
in-5906aa7cd05b4ccd,,Marketing Communications (MarCom),0.75,Medium High,GPT,2025-12-01,2025,2025-12
in-5906aa7cd05b4ccd,,Technology Platforms,0.827,High,BERT+GPT,2025-12-01,2025,2025-12
in-5906aa7cd05b4ccd,,Veterinary Technology,0.822,High,BERT+GPT,2025-12-01,2025,2025-12
in-5906aa7cd05b4ccd,,"Automatic Identification, Communication,",0.532,Medium Low,BERT (standalone),2025-12-01,2025,2025-12
in-5906aa7cd05b4ccd,,"Product Management,",0.532,Medium Low,BERT (standalone),2025-12-01,2025,2025-12
in-5906aa7cd05b4ccd,,"Segmentation Strategy,",0.532,Medium Low,BERT (standalone),2025-12-01,2025,2025-12
in-f5623e04e238736a,,financial datasets,0.75,Medium High,GPT,2025-11-26,2025,2025-11
in-f5623e04e238736a,,ERP datasets,0.75,Medium High,GPT,2025-11-26,2025,2025-11
in-f5623e04e238736a,,federal environment,0.75,Medium High,GPT,2025-11-26,2025,2025-11
in-fc11b6dbc96f4b5e,,aerospace systems,0.75,Medium High,GPT,2025-11-10,2025,2025-11
in-fc11b6dbc96f4b5e,,defense systems,0.75,Medium High,GPT,2025-11-10,2025,2025-11
in-fc11b6dbc96f4b5e,,precision engagement systems,0.75,Medium High,GPT,2025-11-10,2025,2025-11
in-e8e6926b64d2b259,,servers,0.75,Medium High,GPT,2025-11-07,2025,2025-11
in-e8e6926b64d2b259,,storage,0.75,Medium High,GPT,2025-11-07,2025,2025-11
in-e8e6926b64d2b259,,systems management,0.75,Medium High,GPT,2025-11-07,2025,2025-11
in-e8e6926b64d2b259,,SLA,0.75,Medium High,GPT,2025-11-07,2025,2025-11
in-e8e6926b64d2b259,,capacity planning,0.75,Medium High,GPT,2025-11-07,2025,2025-11
in-e8e6926b64d2b259,,patch deployments,0.75,Medium High,GPT,2025-11-07,2025,2025-11
in-e8e6926b64d2b259,,infrastructure maintenance,0.75,Medium High,GPT,2025-11-07,2025,2025-11
in-e8e6926b64d2b259,,server architecture,0.75,Medium High,GPT,2025-11-07,2025,2025-11
in-08c6f5f4544b868d,,ERP,0.75,Medium High,GPT,2025-11-11,2025,2025-11
in-08c6f5f4544b868d,,cloud platforms,0.75,Medium High,GPT,2025-11-11,2025,2025-11
in-fa7f3a0e7e2b882a,,quantitative equity funds,0.75,Medium High,GPT,2025-11-20,2025,2025-11
in-2b2bf00f37de72ce,,next-gen payments,0.75,Medium High,GPT,2025-10-28,2025,2025-10
in-2b2bf00f37de72ce,,payout options,0.75,Medium High,GPT,2025-10-28,2025,2025-10
in-2b2bf00f37de72ce,,card issuing,0.75,Medium High,GPT,2025-10-28,2025,2025-10
in-2b2bf00f37de72ce,,banking,0.75,Medium High,GPT,2025-10-28,2025,2025-10
in-2b2bf00f37de72ce,,risk management,0.75,Medium High,GPT,2025-10-28,2025,2025-10
in-2b2bf00f37de72ce,,fraud management,0.75,Medium High,GPT,2025-10-28,2025,2025-10
in-51094d1568950e3c,,inventory management,0.75,Medium High,GPT,2025-11-24,2025,2025-11
in-51094d1568950e3c,,customer experience,0.75,Medium High,GPT,2025-11-24,2025,2025-11
in-51094d1568950e3c,,sales support,0.75,Medium High,GPT,2025-11-24,2025,2025-11
in-0a5a395a96ddcbe9,,.NET Core,0.831,High,BERT+GPT,2025-11-18,2025,2025-11
in-0a5a395a96ddcbe9,,C#,0.75,Medium High,GPT,2025-11-18,2025,2025-11
in-0a5a395a96ddcbe9,,Jest,0.826,High,BERT+GPT,2025-11-18,2025,2025-11
in-0a5a395a96ddcbe9,,Enzyme,0.827,High,BERT+GPT,2025-11-18,2025,2025-11
in-0a5a395a96ddcbe9,,testing-library,0.75,Medium High,GPT,2025-11-18,2025,2025-11
in-0a5a395a96ddcbe9,,Apple App Store,0.825,High,BERT+GPT,2025-11-18,2025,2025-11
in-0a5a395a96ddcbe9,,Google Play Store,0.75,Medium High,GPT,2025-11-18,2025,2025-11
in-0a5a395a96ddcbe9,,back,0.532,Medium Low,BERT (standalone),2025-11-18,2025,2025-11
in-0a5a395a96ddcbe9,,-end,0.532,Medium Low,BERT (standalone),2025-11-18,2025,2025-11
in-0a5a395a96ddcbe9,,/,0.532,Medium Low,BERT (standalone),2025-11-18,2025,2025-11
in-0a5a395a96ddcbe9,,C,0.532,Medium Low,BERT (standalone),2025-11-18,2025,2025-11
in-0a5a395a96ddcbe9,,"#,",0.532,Medium Low,BERT (standalone),2025-11-18,2025,2025-11
in-0a5a395a96ddcbe9,,Testing,0.532,Medium Low,BERT (standalone),2025-11-18,2025,2025-11
in-0a5a395a96ddcbe9,,testing,0.532,Medium Low,BERT (standalone),2025-11-18,2025,2025-11
in-0a5a395a96ddcbe9,,-library),0.532,Medium Low,BERT (standalone),2025-11-18,2025,2025-11
in-0a5a395a96ddcbe9,,mobile,0.532,Medium Low,BERT (standalone),2025-11-18,2025,2025-11
in-0a5a395a96ddcbe9,,application release,0.532,Medium Low,BERT (standalone),2025-11-18,2025,2025-11
in-0a5a395a96ddcbe9,,store submissions,0.532,Medium Low,BERT (standalone),2025-11-18,2025,2025-11
in-0a5a395a96ddcbe9,,Google,0.532,Medium Low,BERT (standalone),2025-11-18,2025,2025-11
in-0a5a395a96ddcbe9,,Play Store).,0.532,Medium Low,BERT (standalone),2025-11-18,2025,2025-11
in-be694c81d73fe006,,relationship management,0.831,High,BERT+GPT,2025-11-22,2025,2025-11
in-be694c81d73fe006,,risk management,0.829,High,BERT+GPT,2025-11-22,2025,2025-11
in-801e8b4ef37502b1,,market research,0.827,High,BERT+GPT,2025-11-26,2025,2025-11
in-801e8b4ef37502b1,,competitive intelligence,0.83,High,BERT+GPT,2025-11-26,2025,2025-11
in-801e8b4ef37502b1,,early-stage deal sourcing,0.75,Medium High,GPT,2025-11-26,2025,2025-11
in-801e8b4ef37502b1,,M&A pipeline,0.75,Medium High,GPT,2025-11-26,2025,2025-11
in-801e8b4ef37502b1,,early,0.532,Medium Low,BERT (standalone),2025-11-26,2025,2025-11
in-801e8b4ef37502b1,,-stage,0.532,Medium Low,BERT (standalone),2025-11-26,2025,2025-11
in-801e8b4ef37502b1,,deal sourcing,0.532,Medium Low,BERT (standalone),2025-11-26,2025,2025-11
in-9a53c7e761eaec15,,EHS solutions,0.75,Medium High,GPT,2025-11-18,2025,2025-11
in-9a53c7e761eaec15,,AI,0.75,Medium High,GPT,2025-11-18,2025,2025-11
in-9a53c7e761eaec15,,workplace safety,0.75,Medium High,GPT,2025-11-18,2025,2025-11
in-2884ab8cc272fed2,,BTC liquidity,0.75,Medium High,GPT,2025-10-29,2025,2025-10
in-2884ab8cc272fed2,,Block products,0.75,Medium High,GPT,2025-10-29,2025,2025-10
in-e8b042329279ef85,,Employment Eligibility Verification (Form I-9),0.75,Medium High,GPT,2025-12-01,2025,2025-12
in-5dc0137fea6a865d,,cryptography,0.75,Medium High,GPT,2025-11-27,2025,2025-11
in-5dc0137fea6a865d,,cybersecurity engineering,0.75,Medium High,GPT,2025-11-27,2025,2025-11
in-5dc0137fea6a865d,,digital authentication,0.75,Medium High,GPT,2025-11-27,2025,2025-11
in-5dc0137fea6a865d,,SCADA protection,0.75,Medium High,GPT,2025-11-27,2025,2025-11
in-5dc0137fea6a865d,,audit and compliance,0.75,Medium High,GPT,2025-11-27,2025,2025-11
in-3d8c83688fe4cee8,,cutting edge technology,0.75,Medium High,GPT,2025-12-01,2025,2025-12
in-70c05c5ac582dbba,,machine learning workflows,0.831,High,BERT+GPT,2025-10-30,2025,2025-10
in-70c05c5ac582dbba,,data engineering,0.831,High,BERT+GPT,2025-10-30,2025,2025-10
in-70c05c5ac582dbba,,GCP,0.83,High,BERT+GPT,2025-10-30,2025,2025-10
in-0327c83c4d84f3ce,,applicable law,0.75,Medium High,GPT,2025-10-01,2025,2025-10
in-80aa4c8b345e347c,,oscilloscopes,0.828,High,BERT+GPT,2025-11-21,2025,2025-11
in-80aa4c8b345e347c,,logic analyzers,0.829,High,BERT+GPT,2025-11-21,2025,2025-11
in-80aa4c8b345e347c,,multimeters,0.829,High,BERT+GPT,2025-11-21,2025,2025-11
in-80aa4c8b345e347c,,in-circuit emulators,0.823,High,BERT+GPT,2025-11-21,2025,2025-11
in-80aa4c8b345e347c,,protocol sniffers,0.827,High,BERT+GPT,2025-11-21,2025,2025-11
in-80aa4c8b345e347c,,in,0.532,Medium Low,BERT (standalone),2025-11-21,2025,2025-11
in-e622db2eb160aabb,,Salesforce,0.826,High,BERT+GPT,2025-11-18,2025,2025-11
in-e622db2eb160aabb,,Junifer,0.827,High,BERT+GPT,2025-11-18,2025,2025-11
in-e622db2eb160aabb,,Databricks,0.831,High,BERT+GPT,2025-11-18,2025,2025-11
in-7d34855edd4c608f,,Top Secret Security Clearance,0.831,High,BERT+GPT,2025-11-29,2025,2025-11
in-7d34855edd4c608f,,CI Poly,0.83,High,BERT+GPT,2025-11-29,2025,2025-11
in-7d34855edd4c608f,,SCI eligible,0.829,High,BERT+GPT,2025-11-29,2025,2025-11
in-7d34855edd4c608f,,software development lifecycle,0.831,High,BERT+GPT,2025-11-29,2025,2025-11
in-7d34855edd4c608f,,Docker,0.831,High,BERT+GPT,2025-11-29,2025,2025-11
in-7d34855edd4c608f,,Kubernetes,0.828,High,BERT+GPT,2025-11-29,2025,2025-11
in-7d34855edd4c608f,,CI/CD pipeline,0.75,Medium High,GPT,2025-11-29,2025,2025-11
in-7d34855edd4c608f,,Bachelor's degree,0.532,Medium Low,BERT (standalone),2025-11-29,2025,2025-11
in-7d34855edd4c608f,,"Computer Science,",0.532,Medium Low,BERT (standalone),2025-11-29,2025,2025-11
in-7d34855edd4c608f,,"Computer Engineering,",0.532,Medium Low,BERT (standalone),2025-11-29,2025,2025-11
in-7d34855edd4c608f,,Electrical Engineering,0.532,Medium Low,BERT (standalone),2025-11-29,2025,2025-11
in-7d34855edd4c608f,,CI,0.532,Medium Low,BERT (standalone),2025-11-29,2025,2025-11
in-7d34855edd4c608f,,/,0.532,Medium Low,BERT (standalone),2025-11-29,2025,2025-11
in-7d34855edd4c608f,,CD pipeline.,0.532,Medium Low,BERT (standalone),2025-11-29,2025,2025-11
in-eea82d0c75953540,,electrical engineering,0.831,High,BERT+GPT,2025-11-25,2025,2025-11
in-9ca4310cb8e13248,,milk processing,0.75,Medium High,GPT,2025-09-25,2025,2025-09
in-9ca4310cb8e13248,,dairy technology,0.75,Medium High,GPT,2025-09-25,2025,2025-09
in-9ca4310cb8e13248,,nutritional technology,0.75,Medium High,GPT,2025-09-25,2025,2025-09
in-9ca4310cb8e13248,,product innovation,0.75,Medium High,GPT,2025-09-25,2025,2025-09
in-9ca4310cb8e13248,,global food industry,0.75,Medium High,GPT,2025-09-25,2025,2025-09
in-9ca4310cb8e13248,,dairy brands,0.75,Medium High,GPT,2025-09-25,2025,2025-09
in-d531b391c880d7ca,,Azure DevOps pipelines,0.82,High,BERT+GPT,2025-11-20,2025,2025-11
in-d531b391c880d7ca,,CI/CD,0.75,Medium High,GPT,2025-11-20,2025,2025-11
in-d531b391c880d7ca,,Agile,0.831,High,BERT+GPT,2025-11-20,2025,2025-11
in-d531b391c880d7ca,,Azure,0.532,Medium Low,BERT (standalone),2025-11-20,2025,2025-11
in-d531b391c880d7ca,,CI,0.532,Medium Low,BERT (standalone),2025-11-20,2025,2025-11
in-d531b391c880d7ca,,/,0.532,Medium Low,BERT (standalone),2025-11-20,2025,2025-11
in-d531b391c880d7ca,,CD,0.532,Medium Low,BERT (standalone),2025-11-20,2025,2025-11
in-4340aab634b97a0f,,leases,0.75,Medium High,GPT,2025-11-21,2025,2025-11
in-4340aab634b97a0f,,prepaids,0.75,Medium High,GPT,2025-11-21,2025,2025-11
in-4340aab634b97a0f,,accruals,0.75,Medium High,GPT,2025-11-21,2025,2025-11
in-8aa6706047ab901c,,Gilda's Club,0.75,Medium High,GPT,2025-11-21,2025,2025-11
in-dbfc856e6f34e008,,AI,0.75,Medium High,GPT,2025-12-01,2025,2025-12
in-e03357f052aa5454,,clinical trials,0.827,High,BERT+GPT,2025-12-01,2025,2025-12
in-9fc9c5f45b5702c5,,Oracle,0.75,Medium High,GPT,2025-10-28,2025,2025-10
in-9fc9c5f45b5702c5,,BI,0.83,High,BERT+GPT,2025-10-28,2025,2025-10
in-9fc9c5f45b5702c5,,data ingestion,0.831,High,BERT+GPT,2025-10-28,2025,2025-10
in-9fc9c5f45b5702c5,,visualization,0.819,High,BERT+GPT,2025-10-28,2025,2025-10
in-fe0c3c02092b2d9b,,manufacturing process design,0.75,Medium High,GPT,2025-10-01,2025,2025-10
in-fe0c3c02092b2d9b,,production improvement,0.75,Medium High,GPT,2025-10-01,2025,2025-10
in-3c2433bacd2dab1d,,Instrumentation & Control,0.75,Medium High,GPT,2025-12-01,2025,2025-12
in-3c2433bacd2dab1d,,sustainable energy sources,0.75,Medium High,GPT,2025-12-01,2025,2025-12
in-3c2433bacd2dab1d,,energy,0.75,Medium High,GPT,2025-12-01,2025,2025-12
in-3c2433bacd2dab1d,,chemicals,0.75,Medium High,GPT,2025-12-01,2025,2025-12
in-3c2433bacd2dab1d,,resources,0.75,Medium High,GPT,2025-12-01,2025,2025-12
in-22fdbe0537848b26,,water treatment,0.75,Medium High,GPT,2025-10-12,2025,2025-10
in-22fdbe0537848b26,,wastewater treatment,0.75,Medium High,GPT,2025-10-12,2025,2025-10
in-ba278d0695de316c,,satellites,0.75,Medium High,GPT,2025-11-26,2025,2025-11
in-ba278d0695de316c,,payloads,0.75,Medium High,GPT,2025-11-26,2025,2025-11
in-ba278d0695de316c,,spacecraft,0.75,Medium High,GPT,2025-11-26,2025,2025-11
in-ba278d0695de316c,,NASA missions,0.75,Medium High,GPT,2025-11-26,2025,2025-11
in-ba278d0695de316c,,Moon,0.75,Medium High,GPT,2025-11-26,2025,2025-11
in-ba278d0695de316c,,Mars,0.75,Medium High,GPT,2025-11-26,2025,2025-11
in-ba278d0695de316c,,James Webb Space Telescope,0.75,Medium High,GPT,2025-11-26,2025,2025-11
in-7c03bbd4f2e27c3a,,Clinical Development,0.828,High,BERT+GPT,2025-09-09,2025,2025-09
in-7c03bbd4f2e27c3a,,Regulatory,0.826,High,BERT+GPT,2025-09-09,2025,2025-09
in-7c03bbd4f2e27c3a,,Patient Safety,0.831,High,BERT+GPT,2025-09-09,2025,2025-09
in-cf7f60dee735734d,,style guidelines,0.827,High,BERT+GPT,2025-12-01,2025,2025-12
in-51f52aa9e15e8653,,data visualization / reporting tools,0.831,High,BERT+GPT,2025-11-26,2025,2025-11
in-51f52aa9e15e8653,,Looker,0.827,High,BERT+GPT,2025-11-26,2025,2025-11
in-51f52aa9e15e8653,,Tableau,0.823,High,BERT+GPT,2025-11-26,2025,2025-11
in-51f52aa9e15e8653,,IP,0.825,High,BERT+GPT,2025-11-26,2025,2025-11
in-51f52aa9e15e8653,,royalty-based businesses,0.75,Medium High,GPT,2025-11-26,2025,2025-11
in-51f52aa9e15e8653,,content-driven businesses,0.75,Medium High,GPT,2025-11-26,2025,2025-11
in-51f52aa9e15e8653,,royalty,0.532,Medium Low,BERT (standalone),2025-11-26,2025,2025-11
in-51f52aa9e15e8653,,"-based,",0.532,Medium Low,BERT (standalone),2025-11-26,2025,2025-11
in-51f52aa9e15e8653,,content,0.532,Medium Low,BERT (standalone),2025-11-26,2025,2025-11
in-51f52aa9e15e8653,,-driven businesses,0.532,Medium Low,BERT (standalone),2025-11-26,2025,2025-11
