knowledge,freq,mean_confidence,best_future_domain,trend_label,trend_score,similarity,future_weight
cloud environments,2,0.75,Cloud & DevOps,Strong_Growth,0.85,0.65528566,0.5569928079843521
Cloud Infrastructure & Orchestration,1,0.829,Cloud & DevOps,Strong_Growth,0.85,0.65147537,0.5537540644407272
AI/ML,2,0.75,AI & Machine Learning,Strong_Growth,1.0,0.5533029,0.5533028841018677
AI -related,1,0.532,Human–AI Collaboration & Prompting,Strong_Growth,0.95,0.57945013,0.5504776239395142
machine learning lifecycle,1,0.75,AI & Machine Learning,Strong_Growth,1.0,0.54351836,0.5435183644294739
AI,12,0.7331666666666666,Human–AI Collaboration & Prompting,Strong_Growth,0.95,0.5689554,0.5405076503753662
AI infrastructure,1,0.75,AI & Machine Learning,Strong_Growth,1.0,0.5381462,0.5381461977958679
Cloud platforms,1,0.75,Cloud & DevOps,Strong_Growth,0.85,0.6267111,0.532704409956932
cloud platforms,1,0.75,Cloud & DevOps,Strong_Growth,0.85,0.6267109,0.5327042579650879
AI tools,1,0.75,Human–AI Collaboration & Prompting,Strong_Growth,0.95,0.5590916,0.5311370462179184
data & AI technologies and ecosystem,1,0.829,AI & Machine Learning,Strong_Growth,1.0,0.52696794,0.5269679427146912
AI /,1,0.532,Human–AI Collaboration & Prompting,Strong_Growth,0.95,0.5397259,0.5127396047115326
cloud computing,1,0.75,Cloud & DevOps,Strong_Growth,0.85,0.60050416,0.5104285359382629
cybersecurity programs,1,0.75,Cybersecurity & Privacy,Strong_Growth,0.9,0.56671864,0.5100467741489411
cybersecurity,2,0.75,Cybersecurity & Privacy,Strong_Growth,0.9,0.5637157,0.507344126701355
data science,2,0.79,Data & Analytics,Strong_Growth,0.9,0.550263,0.4952366888523102
Data Science,1,0.75,Data & Analytics,Strong_Growth,0.9,0.55026287,0.4952365815639496
cybersecurity engineering,1,0.75,Cybersecurity & Privacy,Strong_Growth,0.9,0.53905535,0.4851498126983642
enterprise AI,1,0.75,Human–AI Collaboration & Prompting,Strong_Growth,0.95,0.50736856,0.4820001363754272
AI-driven automation,1,0.75,Human–AI Collaboration & Prompting,Strong_Growth,0.95,0.5059694,0.4806709349155426
AI productivity,1,0.75,Human–AI Collaboration & Prompting,Strong_Growth,0.95,0.5045527,0.4793250858783722
DevOps,3,0.8039999999999999,Cloud & DevOps,Strong_Growth,0.85,0.5622133,0.4778813064098358
-assisted engineering,1,0.532,Human–AI Collaboration & Prompting,Strong_Growth,0.95,0.5027761,0.4776372820138931
ethical AI,1,0.75,Human–AI Collaboration & Prompting,Strong_Growth,0.95,0.50196016,0.4768621504306793
cloud management,1,0.75,Cloud & DevOps,Strong_Growth,0.85,0.55890346,0.4750679373741149
data engineering,4,0.78925,Data & Analytics,Strong_Growth,0.9,0.52422786,0.4718050718307495
cybersecurity risk,1,0.75,Cybersecurity & Privacy,Strong_Growth,0.9,0.52205265,0.4698473811149597
artificial intelligence,1,0.75,AI & Machine Learning,Strong_Growth,1.0,0.46767792,0.4676779210567474
AI and theoretical physics;,1,0.532,Human–AI Collaboration & Prompting,Strong_Growth,0.95,0.48784378,0.4634515926241874
AI-driven digital learning platform,1,0.75,AI & Machine Learning,Strong_Growth,1.0,0.46024176,0.4602417647838592
cloud,3,0.6773333333333333,Cloud & DevOps,Strong_Growth,0.85,0.5377964,0.4571269214153289
Cloud,1,0.532,Cloud & DevOps,Strong_Growth,0.85,0.5377964,0.4571269214153289
ML training,1,0.75,AI & Machine Learning,Strong_Growth,1.0,0.45249477,0.4524947702884674
AI techniques,1,0.75,Human–AI Collaboration & Prompting,Strong_Growth,0.95,0.4708963,0.4473514884710312
infrastructure as code (IaC) tools,1,0.829,Cloud & DevOps,Strong_Growth,0.85,0.51996446,0.4419697880744934
analytics tools,1,0.828,Data & Analytics,Strong_Growth,0.9,0.489559,0.440603095293045
infrastructure as code,1,0.75,Cloud & DevOps,Strong_Growth,0.85,0.518269,0.4405286520719528
machine learning,5,0.8109999999999999,AI & Machine Learning,Strong_Growth,1.0,0.43644953,0.4364495277404785
Machine Learning,2,0.8265,AI & Machine Learning,Strong_Growth,1.0,0.43644944,0.4364494383335113
DevOps Tools,1,0.75,Cloud & DevOps,Strong_Growth,0.85,0.51232195,0.4354736566543579
Responsible AI Management Systems,1,0.75,Human–AI Collaboration & Prompting,Strong_Growth,0.95,0.45374575,0.4310584649443626
machine learning workflows,1,0.831,AI & Machine Learning,Strong_Growth,1.0,0.42901164,0.4290116429328918
analytics platform,1,0.75,Data & Analytics,Strong_Growth,0.9,0.4753629,0.4278266072273254
GEN AI,1,0.75,Human–AI Collaboration & Prompting,Strong_Growth,0.95,0.4501657,0.4276574045419692
data analytics,3,0.75,Data & Analytics,Strong_Growth,0.9,0.47107217,0.4239649504423141
cloud security,1,0.831,Cloud & DevOps,Strong_Growth,0.85,0.49232963,0.4184801831841468
AI Business Process,1,0.83,Human–AI Collaboration & Prompting,Strong_Growth,0.95,0.43847942,0.4165554523468017
Kubernetes,4,0.78975,Cloud & DevOps,Strong_Growth,0.85,0.48662117,0.4136279955506324
sustainable AI,1,0.75,Human–AI Collaboration & Prompting,Strong_Growth,0.95,0.43089372,0.4093490332365035
data warehouse,1,0.75,Data & Analytics,Strong_Growth,0.9,0.45194542,0.4067508816719055
"Computer Science,",2,0.532,AI & Machine Learning,Strong_Growth,1.0,0.40038657,0.4003865718841553
"computer science,",1,0.532,AI & Machine Learning,Strong_Growth,1.0,0.40038657,0.4003865718841553
cyber risk management,1,0.75,Cybersecurity & Privacy,Strong_Growth,0.9,0.44472742,0.4002546787261963
Cloud Run,1,0.828,Cloud & DevOps,Strong_Growth,0.85,0.47045496,0.399886716902256
-driven design.,1,0.532,Human–AI Collaboration & Prompting,Strong_Growth,0.95,0.42018473,0.3991754949092865
data pipeline,1,0.75,Data & Analytics,Strong_Growth,0.9,0.43983698,0.3958532810211181
analytics,3,0.75,Data & Analytics,Strong_Growth,0.9,0.43958277,0.3956244885921478
generative AI,1,0.75,Human–AI Collaboration & Prompting,Strong_Growth,0.95,0.4098158,0.3893249988555908
Security,1,0.75,Cybersecurity & Privacy,Strong_Growth,0.9,0.430757,0.3876812875270843
data centers,1,0.75,Cloud & DevOps,Strong_Growth,0.85,0.45586202,0.387482713162899
"-functional collaboration,",1,0.532,Human–AI Collaboration & Prompting,Strong_Growth,0.95,0.40394628,0.3837489664554596
Container platforms,1,0.75,Cloud & DevOps,Strong_Growth,0.85,0.45016938,0.3826439768075942
cloud database,1,0.831,Cloud & DevOps,Strong_Growth,0.85,0.4452446,0.3784579187631607
computer science,1,0.532,Data & Analytics,Strong_Growth,0.9,0.42021734,0.3781956017017364
Enterprise Data Platform,1,0.83,Data & Analytics,Strong_Growth,0.9,0.41787925,0.3760913282632828
EU AI Act,1,0.75,Human–AI Collaboration & Prompting,Strong_Growth,0.95,0.39492735,0.3751809850335121
enterprise security,1,0.83,Cybersecurity & Privacy,Strong_Growth,0.9,0.41501573,0.3735141545534134
Azure,2,0.6765,Cloud & DevOps,Strong_Growth,0.85,0.4379347,0.3722444921731949
data platforms,1,0.532,Data & Analytics,Strong_Growth,0.9,0.4122023,0.3709820687770843
data services,1,0.831,Data & Analytics,Strong_Growth,0.9,0.4105261,0.3694734871387481
AI image generation,1,0.75,Human–AI Collaboration & Prompting,Strong_Growth,0.95,0.38753077,0.3681542351841926
security program,1,0.75,Cybersecurity & Privacy,Strong_Growth,0.9,0.40835637,0.3675207316875458
data visualization / reporting tools,1,0.831,Data & Analytics,Strong_Growth,0.9,0.40728202,0.3665538221597672
public security,1,0.75,Cybersecurity & Privacy,Strong_Growth,0.9,0.40654877,0.365893891453743
infrastructure,1,0.826,Cloud & DevOps,Strong_Growth,0.85,0.43030888,0.3657625466585159
information security domain,1,0.827,Cybersecurity & Privacy,Strong_Growth,0.9,0.40579736,0.3652176260948181
AWS,5,0.7662,Cloud & DevOps,Strong_Growth,0.85,0.42861092,0.3643192827701568
Reporting and analytics,1,0.828,Data & Analytics,Strong_Growth,0.9,0.40198743,0.3617886900901794
clouds,1,0.825,Cloud & DevOps,Strong_Growth,0.85,0.42534834,0.3615460902452468
Software Engineering,1,0.831,Software Engineering Foundations,Moderate_Growth,0.6,0.6010343,0.3606205701828003
software engineering,1,0.532,Software Engineering Foundations,Moderate_Growth,0.6,0.6010343,0.3606205701828003
algorithms,1,0.75,AI & Machine Learning,Strong_Growth,1.0,0.3580036,0.3580035865306854
defense systems,1,0.75,Cybersecurity & Privacy,Strong_Growth,0.9,0.39268625,0.3534176230430603
GCP,2,0.829,Cloud & DevOps,Strong_Growth,0.85,0.41513354,0.3528635054826736
-computing,1,0.532,Human–AI Collaboration & Prompting,Strong_Growth,0.95,0.37010616,0.3516008526086807
cyber regulations,1,0.75,Cybersecurity & Privacy,Strong_Growth,0.9,0.39056313,0.3515068173408508
databases,2,0.7905,Data & Analytics,Strong_Growth,0.9,0.38440645,0.3459658026695251
cyber policies,1,0.75,Cybersecurity & Privacy,Strong_Growth,0.9,0.38399044,0.3455913931131363
big data technologies,1,0.831,Data & Analytics,Strong_Growth,0.9,0.37929285,0.3413635611534119
industry expertise,1,0.75,AI & Machine Learning,Strong_Growth,1.0,0.33945733,0.3394573330879211
Python,8,0.797625,Data & Analytics,Strong_Growth,0.9,0.3766554,0.3389898598194122
"Engineering,",2,0.532,Human–AI Collaboration & Prompting,Strong_Growth,0.95,0.3546448,0.3369125649333
ERP datasets,1,0.75,Data & Analytics,Strong_Growth,0.9,0.3689072,0.3320164918899536
Architecture:,1,0.532,Human–AI Collaboration & Prompting,Strong_Growth,0.95,0.3473711,0.3300025463104248
Terraform,2,0.75,Cloud & DevOps,Strong_Growth,0.85,0.38791373,0.3297266736626625
production environment,1,0.75,Cloud & DevOps,Strong_Growth,0.85,0.38680318,0.3287827029824257
predictive analytics,1,0.828,Data & Analytics,Strong_Growth,0.9,0.36426678,0.3278401046991348
Microsoft,3,0.6046666666666667,AI & Machine Learning,Strong_Growth,1.0,0.32451615,0.3245161473751068
visual storytelling,1,0.75,XR & Interactive Media,Moderate_Growth,0.7,0.46141574,0.3229910165071487
software development,3,0.7293333333333333,Software Engineering Foundations,Moderate_Growth,0.6,0.53073704,0.3184422254562378
secure communications,1,0.75,Cybersecurity & Privacy,Strong_Growth,0.9,0.3531278,0.317815026640892
Google,1,0.532,AI & Machine Learning,Strong_Growth,1.0,0.31722176,0.3172217607498169
algorithmic,1,0.532,Human–AI Collaboration & Prompting,Strong_Growth,0.95,0.3335168,0.3168409660458565
Microservices,1,0.829,Cloud & DevOps,Strong_Growth,0.85,0.37072867,0.3151193708181381
Databricks,2,0.7905,Data & Analytics,Strong_Growth,0.9,0.34958744,0.3146286964416504
modern software design principles,1,0.825,Software Engineering Foundations,Moderate_Growth,0.6,0.52317846,0.3139070749282837
AWS tools,1,0.829,Cloud & DevOps,Strong_Growth,0.85,0.36823905,0.3130031883716583
algorithmic trading,1,0.75,AI & Machine Learning,Strong_Growth,1.0,0.312023,0.3120230138301849
data analysis and visualization best practices,1,0.829,Data & Analytics,Strong_Growth,0.9,0.34469306,0.3102237582206726
data,5,0.75,Data & Analytics,Strong_Growth,0.9,0.34315097,0.3088358759880066
Data,2,0.8274999999999999,Data & Analytics,Strong_Growth,0.9,0.34315097,0.3088358759880066
ML lifecycle,1,0.827,AI & Machine Learning,Strong_Growth,1.0,0.30860263,0.3086026310920715
automation,2,0.75,Automation & RPA,Moderate_Growth,0.5,0.61629385,0.3081469237804413
Service Oriented Architectures,1,0.83,Cloud & DevOps,Strong_Growth,0.85,0.3620795,0.3077675759792327
software systems,1,0.75,Software Engineering Foundations,Moderate_Growth,0.6,0.50958455,0.3057507276535034
cryptography,1,0.75,Cybersecurity & Privacy,Strong_Growth,0.9,0.33967334,0.3057060062885284
Docker,4,0.77025,Cloud & DevOps,Strong_Growth,0.85,0.35760042,0.303960357606411
modern automation tooling,1,0.828,Automation & RPA,Moderate_Growth,0.5,0.6071822,0.3035911023616791
algorithmic trading strategies,1,0.83,AI & Machine Learning,Strong_Growth,1.0,0.30203626,0.3020362555980682
GenAI Studio,1,0.75,Human–AI Collaboration & Prompting,Strong_Growth,0.95,0.31527656,0.2995127350091934
software development lifecycle,1,0.831,Software Engineering Foundations,Moderate_Growth,0.6,0.4947849,0.2968709349632263
multi-tenant technology,1,0.75,Cloud & DevOps,Strong_Growth,0.85,0.3462889,0.2943455561995506
infrastructure maintenance,1,0.75,Cloud & DevOps,Strong_Growth,0.85,0.34591052,0.2940239414572715
data management principles,1,0.829,Data & Analytics,Strong_Growth,0.9,0.3259719,0.2933747112751007
Top Secret Security Clearance,1,0.831,Cybersecurity & Privacy,Strong_Growth,0.9,0.32571104,0.2931399375200271
servers,1,0.75,Cloud & DevOps,Strong_Growth,0.85,0.34382635,0.2922524005174636
GitHub,1,0.532,Cloud & DevOps,Strong_Growth,0.85,0.34236696,0.2910119190812111
Azure Service Bus,1,0.75,Cloud & DevOps,Strong_Growth,0.85,0.34160402,0.2903634205460548
application engineering,1,0.75,Software Engineering Foundations,Moderate_Growth,0.6,0.48207465,0.2892447888851165
Frontend Software Engineering,1,0.75,Software Engineering Foundations,Moderate_Growth,0.6,0.4802583,0.2881549715995788
systems engineering,1,0.75,Software Engineering Foundations,Moderate_Growth,0.6,0.48001873,0.2880112409591674
Bitbucket Pipelines,1,0.75,Cloud & DevOps,Strong_Growth,0.85,0.33817974,0.2874527767300606
CI/CD pipeline,1,0.75,Cloud & DevOps,Strong_Growth,0.85,0.33763698,0.2869914308190345
"Pipelines,",1,0.532,Cloud & DevOps,Strong_Growth,0.85,0.33697066,0.2864250585436821
IT/Networking,1,0.75,Cloud & DevOps,Strong_Growth,0.85,0.3364896,0.2860161498188972
smart automation,1,0.532,Automation & RPA,Moderate_Growth,0.5,0.5700283,0.2850141525268554
networking,2,0.786,AI & Machine Learning,Strong_Growth,1.0,0.28480256,0.2848025560379028
Networking,1,0.532,AI & Machine Learning,Strong_Growth,1.0,0.28480256,0.2848025560379028
SQL Server,1,0.75,Data & Analytics,Strong_Growth,0.9,0.31379527,0.2824157416820526
SQL server,1,0.831,Data & Analytics,Strong_Growth,0.9,0.3137952,0.2824156880378723
user experiences,1,0.75,XR & Interactive Media,Moderate_Growth,0.7,0.40327594,0.2822931557893753
data visualization,1,0.75,Data & Analytics,Strong_Growth,0.9,0.312925,0.2816325098276138
STEM careers,1,0.75,AI & Machine Learning,Strong_Growth,1.0,0.2813446,0.2813445925712585
Salesforce,4,0.8095,Cloud & DevOps,Strong_Growth,0.85,0.33045426,0.2808861210942268
computer,1,0.831,Human–AI Collaboration & Prompting,Strong_Growth,0.95,0.2949634,0.2802152201533317
sustainable energy sources,1,0.75,Green & Sustainable Tech,Moderate_Growth,0.55,0.5086215,0.279741832613945
competitive intelligence,1,0.83,AI & Machine Learning,Strong_Growth,1.0,0.27880692,0.2788069248199463
financial datasets,1,0.75,Data & Analytics,Strong_Growth,0.9,0.30937758,0.2784398227930069
Backend Software Engineering,1,0.75,Software Engineering Foundations,Moderate_Growth,0.6,0.46311748,0.2778704881668091
production studios,1,0.831,XR & Interactive Media,Moderate_Growth,0.7,0.3966075,0.2776252418756484
data protection,1,0.75,Cybersecurity & Privacy,Strong_Growth,0.9,0.30835453,0.2775190740823746
LLM,1,0.827,AI & Machine Learning,Strong_Growth,1.0,0.27711716,0.2771171629428863
Sustainability,1,0.825,Green & Sustainable Tech,Moderate_Growth,0.55,0.50264114,0.2764526277780533
enterprise data models,1,0.75,Data & Analytics,Strong_Growth,0.9,0.3064835,0.2758351564407348
industrial sector,1,0.75,AI & Machine Learning,Strong_Growth,1.0,0.27540708,0.275407075881958
media systems,1,0.75,XR & Interactive Media,Moderate_Growth,0.7,0.39231452,0.2746201664209365
design patterns,1,0.831,Software Engineering Foundations,Moderate_Growth,0.6,0.45634586,0.2738075137138366
MLOps,1,0.75,Cloud & DevOps,Strong_Growth,0.85,0.32074124,0.272630050778389
mechanical engineering,1,0.75,AI & Machine Learning,Strong_Growth,1.0,0.27192187,0.2719218730926513
DMS,1,0.75,AI & Machine Learning,Strong_Growth,1.0,0.27064973,0.2706497311592102
-end languages,1,0.532,Human–AI Collaboration & Prompting,Strong_Growth,0.95,0.2846981,0.2704631939530372
"ML,",2,0.532,AI & Machine Learning,Strong_Growth,1.0,0.26901782,0.2690178155899048
database infrastructure,1,0.75,Data & Analytics,Strong_Growth,0.9,0.29775944,0.2679834991693496
critical information infrastructures,1,0.75,Cloud & DevOps,Strong_Growth,0.85,0.3145521,0.2673692837357521
Amazon Web Services,1,0.827,Cloud & DevOps,Strong_Growth,0.85,0.3142585,0.267119713127613
3D visual design,1,0.831,XR & Interactive Media,Moderate_Growth,0.7,0.38081813,0.2665726900100708
water systems,1,0.75,Cloud & DevOps,Strong_Growth,0.85,0.30941272,0.2630008101463317
JMS,1,0.828,AI & Machine Learning,Strong_Growth,1.0,0.26292408,0.2629240751266479
"Automatic Identification, Communication,",1,0.532,Human–AI Collaboration & Prompting,Strong_Growth,0.95,0.27645963,0.2626366525888443
workflow-powered technology,1,0.75,Automation & RPA,Moderate_Growth,0.5,0.52524006,0.2626200318336487
precision engagement systems,1,0.75,Human–AI Collaboration & Prompting,Strong_Growth,0.95,0.275106,0.2613507121801376
C++,1,0.75,AI & Machine Learning,Strong_Growth,1.0,0.26117966,0.261179655790329
Git,1,0.75,Cloud & DevOps,Strong_Growth,0.85,0.3065395,0.2605585798621178
aviation industry,1,0.75,AI & Machine Learning,Strong_Growth,1.0,0.25958845,0.2595884501934051
object oriented programming,1,0.823,Software Engineering Foundations,Moderate_Growth,0.6,0.43189445,0.2591366708278655
"-based,",1,0.532,Human–AI Collaboration & Prompting,Strong_Growth,0.95,0.2701727,0.2566640511155128
Data Protection Act 2018,1,0.75,Cybersecurity & Privacy,Strong_Growth,0.9,0.28420657,0.2557859122753143
narrative development,1,0.828,XR & Interactive Media,Moderate_Growth,0.7,0.36407134,0.2548499375581741
design systems,1,0.75,Software Engineering Foundations,Moderate_Growth,0.6,0.42427567,0.2545653998851776
Dynamics 365,1,0.831,XR & Interactive Media,Moderate_Growth,0.7,0.3629467,0.254062682390213
proprietary dataspaces,1,0.75,Cloud & DevOps,Strong_Growth,0.85,0.29776236,0.2530980095267295
iGaming,1,0.827,XR & Interactive Media,Moderate_Growth,0.7,0.36037117,0.2522598206996918
SQL,2,0.828,Data & Analytics,Strong_Growth,0.9,0.27991256,0.2519213050603867
Agile software development,1,0.75,Software Engineering Foundations,Moderate_Growth,0.6,0.41918504,0.2515110254287719
Studio,1,0.532,XR & Interactive Media,Moderate_Growth,0.7,0.3554387,0.2488070964813232
science,1,0.75,AI & Machine Learning,Strong_Growth,1.0,0.24791567,0.2479156702756881
digital authentication,1,0.75,Cybersecurity & Privacy,Strong_Growth,0.9,0.2736182,0.2462563723325729
politiques de confidentialité,1,0.75,Cybersecurity & Privacy,Strong_Growth,0.9,0.27226385,0.2450374692678451
animation,1,0.82,XR & Interactive Media,Moderate_Growth,0.7,0.34887475,0.2442123234272003
LEGO games franchise,1,0.75,XR & Interactive Media,Moderate_Growth,0.7,0.34592044,0.2421443104743957
solar energy industry,1,0.75,Green & Sustainable Tech,Moderate_Growth,0.55,0.43978864,0.2418837517499923
SCADA protection,1,0.75,Cybersecurity & Privacy,Strong_Growth,0.9,0.26746324,0.2407169133424758
FinTech,1,0.75,AI & Machine Learning,Strong_Growth,1.0,0.2376874,0.2376873940229416
foundation models,1,0.75,Software Engineering Foundations,Moderate_Growth,0.6,0.39580265,0.2374815881252288
video generation technologies,1,0.75,XR & Interactive Media,Moderate_Growth,0.7,0.33819717,0.2367380201816558
hardware,1,0.75,XR & Interactive Media,Moderate_Growth,0.7,0.33723193,0.236062353849411
Technology Platforms,1,0.827,Green & Sustainable Tech,Moderate_Growth,0.55,0.42760533,0.2351829320192337
"-streaming setups,",1,0.532,XR & Interactive Media,Moderate_Growth,0.7,0.33533713,0.2347359925508499
portfolio management,1,0.75,AI & Machine Learning,Strong_Growth,1.0,0.23407555,0.2340755462646484
framework,1,0.75,Software Engineering Foundations,Moderate_Growth,0.6,0.38969,0.2338140070438384
engineering analysis,1,0.827,Software Engineering Foundations,Moderate_Growth,0.6,0.3885628,0.2331376791000366
protocol sniffers,1,0.827,Cybersecurity & Privacy,Strong_Growth,0.9,0.25887728,0.2329895496368408
-production workflows.,1,0.532,Automation & RPA,Moderate_Growth,0.5,0.46454453,0.2322722673416137
data structures,1,0.819,Software Engineering Foundations,Moderate_Growth,0.6,0.38662443,0.2319746553897857
sourcing,1,0.827,Cloud & DevOps,Strong_Growth,0.85,0.2720737,0.2312626332044601
live-streaming setups,1,0.75,XR & Interactive Media,Moderate_Growth,0.7,0.32945612,0.2306192845106124
IPM,1,0.75,AI & Machine Learning,Strong_Growth,1.0,0.23029767,0.2302976697683334
material development,1,0.828,Human–AI Collaboration & Prompting,Strong_Growth,0.95,0.24153134,0.2294547751545906
EHR,1,0.75,XR & Interactive Media,Moderate_Growth,0.7,0.327651,0.2293556958436965
DevSecOps,1,0.75,Cloud & DevOps,Strong_Growth,0.85,0.26940048,0.2289904057979583
modeling,1,0.75,Human–AI Collaboration & Prompting,Strong_Growth,0.95,0.23980844,0.2278180181980132
SaaS,1,0.831,Cloud & DevOps,Strong_Growth,0.85,0.26699474,0.2269455328583717
partner ecosystem,1,0.75,Cloud & DevOps,Strong_Growth,0.85,0.26672766,0.226718507707119
mathematical foundations,1,0.75,Software Engineering Foundations,Moderate_Growth,0.6,0.37739378,0.2264362692832946
defence,1,0.75,Cybersecurity & Privacy,Strong_Growth,0.9,0.251267,0.2261402875185013
resources,1,0.75,XR & Interactive Media,Moderate_Growth,0.7,0.32259426,0.2258159786462783
engineering,1,0.75,Software Engineering Foundations,Moderate_Growth,0.6,0.37497973,0.2249878406524658
CI/CD best practices,1,0.75,Cloud & DevOps,Strong_Growth,0.85,0.26424465,0.2246079489588737
NASA missions,1,0.75,Cloud & DevOps,Strong_Growth,0.85,0.26380947,0.2242380514740944
legal databases,1,0.75,Data & Analytics,Strong_Growth,0.9,0.24832238,0.2234901443123817
motion design,1,0.827,XR & Interactive Media,Moderate_Growth,0.7,0.3189405,0.2232583433389663
audio,1,0.825,XR & Interactive Media,Moderate_Growth,0.7,0.31877765,0.2231443554162979
SAP ECC,1,0.75,Cloud & DevOps,Strong_Growth,0.85,0.26131502,0.2221177652478218
distributed systems,1,0.828,Cloud & DevOps,Strong_Growth,0.85,0.26129213,0.2220983102917671
AMM protocols,1,0.828,AI & Machine Learning,Strong_Growth,1.0,0.22203837,0.2220383733510971
NLP -related,1,0.532,Human–AI Collaboration & Prompting,Strong_Growth,0.95,0.23310125,0.2214461863040924
private communications,1,0.75,Cybersecurity & Privacy,Strong_Growth,0.9,0.24460927,0.2201483398675918
renewables,1,0.75,Green & Sustainable Tech,Moderate_Growth,0.55,0.40023017,0.2201265931129455
"Computer Engineering,",1,0.532,Green & Sustainable Tech,Moderate_Growth,0.55,0.4001565,0.2200860738754272
emerging technologies,2,0.75,Green & Sustainable Tech,Moderate_Growth,0.55,0.39972538,0.219848957657814
finance,2,0.641,AI & Machine Learning,Strong_Growth,1.0,0.21984655,0.2198465466499328
IPS,1,0.827,Cybersecurity & Privacy,Strong_Growth,0.9,0.24180163,0.2176214709877968
aerospace,1,0.75,XR & Interactive Media,Moderate_Growth,0.7,0.3074648,0.2152253657579421
version control,1,0.75,Software Engineering Foundations,Moderate_Growth,0.6,0.3585314,0.2151188313961029
Jenkins,2,0.7889999999999999,Cloud & DevOps,Strong_Growth,0.85,0.25249156,0.2146178290247917
engineering and design practices,1,0.75,Software Engineering Foundations,Moderate_Growth,0.6,0.35491282,0.2129476904869079
Azure AD,1,0.823,Cloud & DevOps,Strong_Growth,0.85,0.2500408,0.2125346794724464
Allen,1,0.532,Human–AI Collaboration & Prompting,Strong_Growth,0.95,0.22281912,0.2116781637072563
data annotation,1,0.83,Data & Analytics,Strong_Growth,0.9,0.23505536,0.2115498214960098
technology platform,1,0.75,Automation & RPA,Moderate_Growth,0.5,0.42299578,0.211497887969017
construction engineering,1,0.828,Software Engineering Foundations,Moderate_Growth,0.6,0.3508015,0.2104808986186981
workflows,1,0.75,Automation & RPA,Moderate_Growth,0.5,0.4195826,0.2097913026809692
EHS solutions,1,0.75,Cloud & DevOps,Strong_Growth,0.85,0.24592672,0.2090377144515514
sustainability standards,1,0.75,Green & Sustainable Tech,Moderate_Growth,0.55,0.37945357,0.2086994633078575
technology,5,0.75,Green & Sustainable Tech,Moderate_Growth,0.55,0.37872428,0.2082983523607254
Technology,1,0.532,Green & Sustainable Tech,Moderate_Growth,0.55,0.37872425,0.2082983359694481
Bitbucket,1,0.532,Cloud & DevOps,Strong_Growth,0.85,0.2437664,0.207201437652111
integrated applications,1,0.75,Automation & RPA,Moderate_Growth,0.5,0.4143875,0.2071937471628189
EKS,1,0.75,Cloud & DevOps,Strong_Growth,0.85,0.2437087,0.2071523949503898
Power Automate,1,0.831,Automation & RPA,Moderate_Growth,0.5,0.41377735,0.2068886756896972
operation systems,1,0.828,Software Engineering Foundations,Moderate_Growth,0.6,0.34390077,0.2063404619693756
content,1,0.532,XR & Interactive Media,Moderate_Growth,0.7,0.29364422,0.2055509537458419
Java technologies,1,0.827,Software Engineering Foundations,Moderate_Growth,0.6,0.34126857,0.20476114153862
Enterprise CRM Solutions,1,0.75,Automation & RPA,Moderate_Growth,0.5,0.408872,0.2044360041618347
Purview,1,0.75,XR & Interactive Media,Moderate_Growth,0.7,0.29154676,0.2040827333927154
aerospace systems,1,0.75,XR & Interactive Media,Moderate_Growth,0.7,0.29132026,0.2039241850376129
Anypoint Studio,1,0.829,XR & Interactive Media,Moderate_Growth,0.7,0.29052928,0.2033704966306686
data ingestion,1,0.831,Data & Analytics,Strong_Growth,0.9,0.22522494,0.202702447772026
physical foundations,1,0.75,Software Engineering Foundations,Moderate_Growth,0.6,0.33777148,0.2026628851890564
engineering technology,1,0.75,Software Engineering Foundations,Moderate_Growth,0.6,0.33676776,0.2020606577396392
digital models,1,0.75,XR & Interactive Media,Moderate_Growth,0.7,0.28628555,0.2003998845815658
risk management,4,0.78875,Cybersecurity & Privacy,Strong_Growth,0.9,0.22139332,0.1992539852857589
voice or,1,0.532,Human–AI Collaboration & Prompting,Strong_Growth,0.95,0.20957476,0.1990960210561752
mobile application development,1,0.75,Software Engineering Foundations,Moderate_Growth,0.6,0.33137462,0.1988247692584991
"Anypoint Platform,",1,0.532,XR & Interactive Media,Moderate_Growth,0.7,0.2837397,0.1986177802085876
production,1,0.75,XR & Interactive Media,Moderate_Growth,0.7,0.28358585,0.1985100924968719
Domain Driven Design,1,0.829,Software Engineering Foundations,Moderate_Growth,0.6,0.3289094,0.1973456382751464
MS365,1,0.831,AI & Machine Learning,Strong_Growth,1.0,0.19730572,0.1973057240247726
deal sourcing,1,0.532,Cloud & DevOps,Strong_Growth,0.85,0.23019445,0.1956652820110321
CI Poly,1,0.83,XR & Interactive Media,Moderate_Growth,0.7,0.27949473,0.1956463128328323
-chip,1,0.532,Human–AI Collaboration & Prompting,Strong_Growth,0.95,0.20573497,0.1954482197761535
SAP technologies,1,0.831,Green & Sustainable Tech,Moderate_Growth,0.55,0.35535917,0.1954475417733192
private equity investments,1,0.831,Cloud & DevOps,Strong_Growth,0.85,0.2298309,0.1953562699258327
Systems Design,1,0.75,Software Engineering Foundations,Moderate_Growth,0.6,0.32525742,0.1951544523239135
AD,1,0.825,Human–AI Collaboration & Prompting,Strong_Growth,0.95,0.20524049,0.1949784636497497
Arena,1,0.831,XR & Interactive Media,Moderate_Growth,0.7,0.2755735,0.1929014444351196
stormwater management,1,0.831,Cloud & DevOps,Strong_Growth,0.85,0.22564247,0.191796101629734
CI/CD,3,0.75,XR & Interactive Media,Moderate_Growth,0.7,0.27394512,0.1917615860700607
TLS,1,0.75,Cybersecurity & Privacy,Strong_Growth,0.9,0.21263033,0.1913672983646392
Digital Transformation,1,0.831,XR & Interactive Media,Moderate_Growth,0.7,0.27209032,0.1904632210731506
CX,1,0.75,XR & Interactive Media,Moderate_Growth,0.7,0.2712782,0.1898947417736053
architectural drawings,1,0.75,XR & Interactive Media,Moderate_Growth,0.7,0.2705871,0.1894109606742858
Orbis ED systems,1,0.75,Cloud & DevOps,Strong_Growth,0.85,0.22272725,0.1893181659281253
National Catholic Safeguarding Standards,1,0.75,Cybersecurity & Privacy,Strong_Growth,0.9,0.2100996,0.1890896335244178
risk signal models,1,0.83,Cybersecurity & Privacy,Strong_Growth,0.9,0.20985258,0.1888673186302185
GraphQL,1,0.75,Data & Analytics,Strong_Growth,0.9,0.20971847,0.1887466192245483
GenAI,1,0.75,Human–AI Collaboration & Prompting,Strong_Growth,0.95,0.19851899,0.18859304189682
MSK,1,0.75,AI & Machine Learning,Strong_Growth,1.0,0.18752034,0.1875203400850296
estimating software,1,0.75,Software Engineering Foundations,Moderate_Growth,0.6,0.31241736,0.1874504148960113
middleware technologies,1,0.831,Automation & RPA,Moderate_Growth,0.5,0.3740354,0.1870176941156387
Agile methodology,1,0.75,Software Engineering Foundations,Moderate_Growth,0.6,0.31067917,0.1864075005054473
cutting edge technology,1,0.75,Green & Sustainable Tech,Moderate_Growth,0.55,0.338292,0.1860606014728546
casino games,1,0.831,XR & Interactive Media,Moderate_Growth,0.7,0.26452133,0.1851649314165115
modelling approaches,1,0.75,Software Engineering Foundations,Moderate_Growth,0.6,0.30838427,0.1850305616855621
ETL,2,0.831,XR & Interactive Media,Moderate_Growth,0.7,0.26403272,0.1848229050636291
market research,1,0.827,AI & Machine Learning,Strong_Growth,1.0,0.1843412,0.1843412071466446
GDPR,1,0.75,Data & Analytics,Strong_Growth,0.9,0.2047392,0.1842652782797813
Insurance domain concepts,1,0.83,Cybersecurity & Privacy,Strong_Growth,0.9,0.20465119,0.1841860726475715
Data Architecture and Management,1,0.829,Software Engineering Foundations,Moderate_Growth,0.6,0.30672917,0.1840375006198883
serious criminal offences,1,0.75,Cybersecurity & Privacy,Strong_Growth,0.9,0.20424913,0.1838242158293724
CI,5,0.532,XR & Interactive Media,Moderate_Growth,0.7,0.26184392,0.1832907438278198
Auth0,1,0.75,Human–AI Collaboration & Prompting,Strong_Growth,0.95,0.19142614,0.1818548358976841
culture,1,0.75,XR & Interactive Media,Moderate_Growth,0.7,0.25967294,0.1817710578441619
Marketing Communications (MarCom),1,0.75,AI & Machine Learning,Strong_Growth,1.0,0.1813998,0.1813998073339462
payloads,1,0.75,Cloud & DevOps,Strong_Growth,0.85,0.21326528,0.1812754921615123
digital marketing,1,0.75,XR & Interactive Media,Moderate_Growth,0.7,0.2585109,0.1809576213359832
Onion / Clean architecture,1,0.532,Cloud & DevOps,Strong_Growth,0.85,0.21280552,0.1808846957981586
dairy technology,1,0.75,AI & Machine Learning,Strong_Growth,1.0,0.18087304,0.1808730363845825
PLCs,1,0.831,Automation & RPA,Moderate_Growth,0.5,0.3612178,0.1806088984012603
time-based media,1,0.75,XR & Interactive Media,Moderate_Growth,0.7,0.25653136,0.1795719504356384
APIs,3,0.7753333333333333,Automation & RPA,Moderate_Growth,0.5,0.358304,0.1791519969701767
Framework for Winning,1,0.75,XR & Interactive Media,Moderate_Growth,0.7,0.2553436,0.1787405103445053
IBP,1,0.831,Human–AI Collaboration & Prompting,Strong_Growth,0.95,0.18805477,0.1786520317196845
Video Routing,1,0.831,XR & Interactive Media,Moderate_Growth,0.7,0.25491878,0.1784431487321853
Regulatory Data,1,0.824,Cybersecurity & Privacy,Strong_Growth,0.9,0.19783339,0.1780500501394271
middleware infrastructure,1,0.75,Automation & RPA,Moderate_Growth,0.5,0.3555261,0.1777630448341369
post-production workflows,1,0.75,Automation & RPA,Moderate_Growth,0.5,0.35369515,0.1768475770950317
quantitative equity funds,1,0.75,Cloud & DevOps,Strong_Growth,0.85,0.20799397,0.1767948739230632
visualization,1,0.819,XR & Interactive Media,Moderate_Growth,0.7,0.25253397,0.1767737805843353
RabbitMQ,1,0.823,XR & Interactive Media,Moderate_Growth,0.7,0.25205493,0.1764384508132934
PostgreSQL,1,0.75,Data & Analytics,Strong_Growth,0.9,0.19599958,0.1763996198773384
Boomi,1,0.826,Human–AI Collaboration & Prompting,Strong_Growth,0.95,0.18557319,0.1762945309281349
Automatic Identification,1,0.75,Human–AI Collaboration & Prompting,Strong_Growth,0.95,0.18466271,0.1754295788705349
Graduate Development Programme,1,0.75,Software Engineering Foundations,Moderate_Growth,0.6,0.29199907,0.1751994431018829
SAP’s ISA-M methodology,1,0.75,Software Engineering Foundations,Moderate_Growth,0.6,0.29172096,0.1750325739383697
Trainium,1,0.75,Human–AI Collaboration & Prompting,Strong_Growth,0.95,0.18347502,0.174301266670227
Production Control Room systems,1,0.831,Automation & RPA,Moderate_Growth,0.5,0.34826407,0.1741320341825485
artistic movements,1,0.75,XR & Interactive Media,Moderate_Growth,0.7,0.24799104,0.1735937282443046
automated testing,1,0.75,Automation & RPA,Moderate_Growth,0.5,0.3470717,0.1735358536243438
SAP Integration Suite,1,0.83,Automation & RPA,Moderate_Growth,0.5,0.3467185,0.1733592450618744
Mars,1,0.75,Cloud & DevOps,Strong_Growth,0.85,0.20357496,0.173038712143898
ECC,1,0.532,Cloud & DevOps,Strong_Growth,0.85,0.20343146,0.1729167386889457
Photoshop,1,0.825,XR & Interactive Media,Moderate_Growth,0.7,0.24687186,0.1728103011846542
data quality,1,0.826,Data & Analytics,Strong_Growth,0.9,0.19111003,0.1719990268349647
S3,2,0.7889999999999999,XR & Interactive Media,Moderate_Growth,0.7,0.24552333,0.1718663334846496
ETL),1,0.532,XR & Interactive Media,Moderate_Growth,0.7,0.24531628,0.1717213973402976
GraphQL (Apollo),1,0.83,Data & Analytics,Strong_Growth,0.9,0.19056843,0.1715115889906883
Technology Consulting,1,0.83,Green & Sustainable Tech,Moderate_Growth,0.55,0.31183738,0.1715105563402176
"Sub,",1,0.532,Human–AI Collaboration & Prompting,Strong_Growth,0.95,0.18046008,0.1714370764791965
Moon,1,0.75,AI & Machine Learning,Strong_Growth,1.0,0.17140155,0.1714015454053878
ERP systems,1,0.827,Automation & RPA,Moderate_Growth,0.5,0.34240162,0.1712008118629455
IP,1,0.825,AI & Machine Learning,Strong_Growth,1.0,0.17105588,0.1710558831691742
MuleSoft development.,1,0.532,Automation & RPA,Moderate_Growth,0.5,0.33878517,0.1693925857543945
power supply sector,1,0.75,Green & Sustainable Tech,Moderate_Growth,0.55,0.30783254,0.1693078964948654
data architecture,1,0.822,Software Engineering Foundations,Moderate_Growth,0.6,0.28170758,0.1690245509147644
quantum information science,1,0.75,Cybersecurity & Privacy,Strong_Growth,0.9,0.18712671,0.1684140399098396
satellites,1,0.75,Cloud & DevOps,Strong_Growth,0.85,0.19769569,0.1680413343012332
BigQuery,1,0.828,Data & Analytics,Strong_Growth,0.9,0.18655346,0.167898117005825
Transport Planning,1,0.831,AI & Machine Learning,Strong_Growth,1.0,0.1677367,0.1677366942167282
autonomous systems,1,0.75,Automation & RPA,Moderate_Growth,0.5,0.33468917,0.1673445850610733
Mypy,1,0.75,Data & Analytics,Strong_Growth,0.9,0.18572995,0.1671569555997848
"Actions,",1,0.532,XR & Interactive Media,Moderate_Growth,0.7,0.2385383,0.1669768065214157
Process Orchestration (PO),1,0.83,Automation & RPA,Moderate_Growth,0.5,0.33265832,0.1663291603326797
SAP Process Integration (PI),1,0.83,Automation & RPA,Moderate_Growth,0.5,0.33252886,0.1662644296884536
communications,1,0.75,XR & Interactive Media,Moderate_Growth,0.7,0.2373364,0.1661354780197143
recommender systems,1,0.831,XR & Interactive Media,Moderate_Growth,0.7,0.23684205,0.1657894358038902
ISO/IEC 42001,1,0.75,Cloud & DevOps,Strong_Growth,0.85,0.19453765,0.1653570063412189
in-circuit emulators,1,0.823,XR & Interactive Media,Moderate_Growth,0.7,0.23560591,0.1649241372942924
"lighting,",1,0.532,XR & Interactive Media,Moderate_Growth,0.7,0.23479421,0.1643559500575065
Play Store).,1,0.532,XR & Interactive Media,Moderate_Growth,0.7,0.23312204,0.1631854251027107
-library),1,0.532,Human–AI Collaboration & Prompting,Strong_Growth,0.95,0.17154813,0.1629707217216491
Civil Engineering,1,0.831,Software Engineering Foundations,Moderate_Growth,0.6,0.27084368,0.1625062108039855
#,1,0.532,Human–AI Collaboration & Prompting,Strong_Growth,0.95,0.17051631,0.1619904965162277
object,1,0.532,Human–AI Collaboration & Prompting,Strong_Growth,0.95,0.17047721,0.1619533509016037
Electrical Engineering,1,0.532,Green & Sustainable Tech,Moderate_Growth,0.55,0.29396775,0.1616822645068169
electrical engineering,1,0.831,Green & Sustainable Tech,Moderate_Growth,0.55,0.29396775,0.1616822645068169
sourcing processes,1,0.75,Automation & RPA,Moderate_Growth,0.5,0.32160857,0.1608042865991592
logic analyzers,1,0.829,Software Engineering Foundations,Moderate_Growth,0.6,0.2677228,0.1606336712837219
cyber controls,1,0.75,Automation & RPA,Moderate_Growth,0.5,0.32094836,0.1604741811752319
acoustic products,1,0.75,AI & Machine Learning,Strong_Growth,1.0,0.16020966,0.1602096557617187
water treatment,1,0.75,Cloud & DevOps,Strong_Growth,0.85,0.18773276,0.1595728427171707
Power Platform,1,0.831,Green & Sustainable Tech,Moderate_Growth,0.55,0.2894207,0.1591813817620277
architectural aluminum systems,1,0.75,Cloud & DevOps,Strong_Growth,0.85,0.18690439,0.1588687278330326
watershed planning,1,0.75,Data & Analytics,Strong_Growth,0.9,0.17640257,0.1587623119354248
master data management and governance,1,0.83,Software Engineering Foundations,Moderate_Growth,0.6,0.26446116,0.1586766958236694
reliability engineering,1,0.822,Software Engineering Foundations,Moderate_Growth,0.6,0.26359466,0.158156794309616
Power BI,3,0.8303333333333333,Human–AI Collaboration & Prompting,Strong_Growth,0.95,0.16588849,0.1575940638780593
business process optimization,1,0.828,Automation & RPA,Moderate_Growth,0.5,0.314744,0.1573719978332519
Allen Bradley,1,0.75,Human–AI Collaboration & Prompting,Strong_Growth,0.95,0.16541764,0.1571467593312263
Django,1,0.827,Data & Analytics,Strong_Growth,0.9,0.17451757,0.1570658147335052
C#,2,0.75,Software Engineering Foundations,Moderate_Growth,0.6,0.26051092,0.1563065528869628
PLM,1,0.83,AI & Machine Learning,Strong_Growth,1.0,0.15573424,0.1557342410087585
banking,1,0.75,Cybersecurity & Privacy,Strong_Growth,0.9,0.17286405,0.1555776447057724
camera systems,1,0.827,XR & Interactive Media,Moderate_Growth,0.7,0.22166276,0.1551639318466186
CD pipeline.,1,0.532,Automation & RPA,Moderate_Growth,0.5,0.3103011,0.1551505476236343
-end,4,0.532,Human–AI Collaboration & Prompting,Strong_Growth,0.95,0.16256589,0.154437592625618
motions,1,0.825,XR & Interactive Media,Moderate_Growth,0.7,0.220574,0.1544018045067787
Microsoft Copilot Studio,1,0.75,Automation & RPA,Moderate_Growth,0.5,0.30566463,0.1528323143720626
SAP,2,0.6815,Automation & RPA,Moderate_Growth,0.5,0.3040572,0.1520286053419113
National High Secure Deaf Service,1,0.75,Cybersecurity & Privacy,Strong_Growth,0.9,0.16889264,0.1520033732056618
underground electrical distribution systems,1,0.831,Cloud & DevOps,Strong_Growth,0.85,0.17756182,0.1509275466203689
"#,",2,0.532,Human–AI Collaboration & Prompting,Strong_Growth,0.95,0.1587956,0.150855815410614
smart city,1,0.75,Green & Sustainable Tech,Moderate_Growth,0.55,0.27386665,0.1506266593933105
Microsoft Visio,1,0.75,Software Engineering Foundations,Moderate_Growth,0.6,0.25031728,0.1501903653144836
Anti-DDOS,1,0.82,Cybersecurity & Privacy,Strong_Growth,0.9,0.1668053,0.150124767422676
regulated industries,1,0.828,Green & Sustainable Tech,Moderate_Growth,0.55,0.2728554,0.1500704705715179
testing-library,1,0.75,Software Engineering Foundations,Moderate_Growth,0.6,0.24996212,0.1499772727489471
Neurosurgery,1,0.829,AI & Machine Learning,Strong_Growth,1.0,0.14979772,0.149797722697258
Hexagonal/Onion/Clean architecture,1,0.75,Cloud & DevOps,Strong_Growth,0.85,0.17565444,0.1493062749505043
IT,1,0.532,Human–AI Collaboration & Prompting,Strong_Growth,0.95,0.15675624,0.1489184252917766
financing of terrorism,1,0.75,Cybersecurity & Privacy,Strong_Growth,0.9,0.16511728,0.1486055508255958
regulatory requirements,1,0.75,Cybersecurity & Privacy,Strong_Growth,0.9,0.16498317,0.1484848514199257
banking partners,1,0.75,Cloud & DevOps,Strong_Growth,0.85,0.1746633,0.1484638094902038
Gitlab,1,0.532,Cloud & DevOps,Strong_Growth,0.85,0.17449193,0.1483181379735469
Flask,2,0.7905,Data & Analytics,Strong_Growth,0.9,0.16467959,0.1482116281986236
ASICs,1,0.75,XR & Interactive Media,Moderate_Growth,0.7,0.21150751,0.1480552598834037
-oriented languages,1,0.532,Automation & RPA,Moderate_Growth,0.5,0.29600772,0.1480038613080978
system design,1,0.831,Software Engineering Foundations,Moderate_Growth,0.6,0.2465859,0.1479515433311462
global perspectives,1,0.75,XR & Interactive Media,Moderate_Growth,0.7,0.2099255,0.1469478517770767
message queues,1,0.826,Human–AI Collaboration & Prompting,Strong_Growth,0.95,0.15463085,0.1468993119895458
SAP’s,1,0.532,Automation & RPA,Moderate_Growth,0.5,0.29343826,0.1467191278934478
mobile applications,1,0.75,Software Engineering Foundations,Moderate_Growth,0.6,0.24431676,0.1465900540351867
panels,1,0.75,XR & Interactive Media,Moderate_Growth,0.7,0.20935811,0.146550677716732
acquisition management,1,0.75,Cloud & DevOps,Strong_Growth,0.85,0.17217983,0.1463528580963611
global food industry,1,0.75,Green & Sustainable Tech,Moderate_Growth,0.55,0.2658468,0.1462157338857651
configuration scripts,1,0.75,Automation & RPA,Moderate_Growth,0.5,0.29229382,0.1461469084024429
+,1,0.532,Human–AI Collaboration & Prompting,Strong_Growth,0.95,0.15328236,0.1456182412803173
federal environment,1,0.75,Green & Sustainable Tech,Moderate_Growth,0.55,0.26457798,0.1455178916454315
FactoryTalkView,1,0.829,Human–AI Collaboration & Prompting,Strong_Growth,0.95,0.15288134,0.1452372722327709
Pegasus,1,0.75,Cloud & DevOps,Strong_Growth,0.85,0.17034388,0.1447922945022583
Great Lakes research,1,0.75,Data & Analytics,Strong_Growth,0.9,0.16084135,0.1447572112083435
-up,1,0.532,Human–AI Collaboration & Prompting,Strong_Growth,0.95,0.15195018,0.1443526715040206
MUnit testing framework,1,0.829,Software Engineering Foundations,Moderate_Growth,0.6,0.24002337,0.144014024734497
hardware validation processes,1,0.83,Automation & RPA,Moderate_Growth,0.5,0.28792927,0.1439646333456039
commerce systems,1,0.75,Automation & RPA,Moderate_Growth,0.5,0.28782836,0.1439141780138015
C,4,0.532,Cybersecurity & Privacy,Strong_Growth,0.9,0.15909146,0.1431823119521141
BHS system operations,1,0.83,Automation & RPA,Moderate_Growth,0.5,0.2857918,0.14289590716362
Elastic Stack,1,0.828,Cloud & DevOps,Strong_Growth,0.85,0.16709246,0.1420285888016224
XML,1,0.825,Software Engineering Foundations,Moderate_Growth,0.6,0.23667496,0.1420049786567687
HANA.,1,0.532,XR & Interactive Media,Moderate_Growth,0.7,0.20213132,0.1414919212460517
cheminformatics toolkits,1,0.821,Automation & RPA,Moderate_Growth,0.5,0.28261116,0.1413055807352066
engagement,1,0.827,XR & Interactive Media,Moderate_Growth,0.7,0.20178874,0.1412521168589592
OpenAPI,1,0.829,Human–AI Collaboration & Prompting,Strong_Growth,0.95,0.14867187,0.141238272190094
S4 HANA,1,0.75,XR & Interactive Media,Moderate_Growth,0.7,0.20097591,0.1406831368803978
Looker,1,0.827,XR & Interactive Media,Moderate_Growth,0.7,0.20078003,0.1405460238456726
CalWORKs,1,0.75,Software Engineering Foundations,Moderate_Growth,0.6,0.23284405,0.1397064328193664
API endpoints,1,0.829,Cloud & DevOps,Strong_Growth,0.85,0.16433427,0.1396841272711753
marketing systems,1,0.75,Software Engineering Foundations,Moderate_Growth,0.6,0.23271932,0.1396315902471542
spacecraft,1,0.75,XR & Interactive Media,Moderate_Growth,0.7,0.19917832,0.1394248262047767
financial partners,1,0.75,Cloud & DevOps,Strong_Growth,0.85,0.16378576,0.1392178922891616
content moderation,1,0.826,XR & Interactive Media,Moderate_Growth,0.7,0.19883803,0.139186617732048
Glue,1,0.75,Human–AI Collaboration & Prompting,Strong_Growth,0.95,0.14587931,0.1385853476822376
CD).,1,0.532,Cloud & DevOps,Strong_Growth,0.85,0.1625097,0.1381332404911518
theoretical physics,1,0.75,AI & Machine Learning,Strong_Growth,1.0,0.1377523,0.1377522945404052
-first,1,0.532,Human–AI Collaboration & Prompting,Strong_Growth,0.95,0.14482972,0.1375882342457771
Golang,1,0.75,Automation & RPA,Moderate_Growth,0.5,0.2745778,0.137288898229599
construction inspection,1,0.828,Software Engineering Foundations,Moderate_Growth,0.6,0.22844191,0.1370651453733444
launch reviews,1,0.826,XR & Interactive Media,Moderate_Growth,0.7,0.19563937,0.1369475603103637
"Go),",1,0.532,Human–AI Collaboration & Prompting,Strong_Growth,0.95,0.14409807,0.1368931695818901
SIEM,1,0.831,AI & Machine Learning,Strong_Growth,1.0,0.13671164,0.1367116421461105
Microsoft Fabric,1,0.831,Software Engineering Foundations,Moderate_Growth,0.6,0.22641312,0.135847869515419
dairy brands,1,0.75,AI & Machine Learning,Strong_Growth,1.0,0.13504808,0.1350480765104293
Pub/Sub,1,0.75,XR & Interactive Media,Moderate_Growth,0.7,0.19140452,0.133983165025711
BI,1,0.83,XR & Interactive Media,Moderate_Growth,0.7,0.19119419,0.1338359341025352
end,1,0.532,Human–AI Collaboration & Prompting,Strong_Growth,0.95,0.14034109,0.1333240337669849
ERP,2,0.75,AI & Machine Learning,Strong_Growth,1.0,0.13276915,0.1327691525220871
derivatives book,1,0.75,Software Engineering Foundations,Moderate_Growth,0.6,0.22031914,0.1321914821863174
fabric types,1,0.829,Cloud & DevOps,Strong_Growth,0.85,0.15545405,0.132135946303606
NSW Child Safe Standards,1,0.75,Cybersecurity & Privacy,Strong_Growth,0.9,0.14647336,0.1318260267376899
CRM,1,0.75,Automation & RPA,Moderate_Growth,0.5,0.2635532,0.1317766010761261
API,1,0.532,Automation & RPA,Moderate_Growth,0.5,0.26346612,0.1317330598831176
SCI eligible,1,0.829,Human–AI Collaboration & Prompting,Strong_Growth,0.95,0.13851778,0.1315918929874897
Amazon EventBridge,1,0.75,XR & Interactive Media,Moderate_Growth,0.7,0.18767962,0.1313757330179214
M&A pipeline,1,0.75,Automation & RPA,Moderate_Growth,0.5,0.2623701,0.1311850547790527
Apple App Store,1,0.825,Cloud & DevOps,Strong_Growth,0.85,0.15431684,0.1311693161725997
Supply,1,0.826,XR & Interactive Media,Moderate_Growth,0.7,0.18734178,0.1311392456293106
domain,1,0.532,XR & Interactive Media,Moderate_Growth,0.7,0.18688913,0.1308223888278007
API testing,1,0.831,Software Engineering Foundations,Moderate_Growth,0.6,0.21769418,0.1306165069341659
search warrants,1,0.828,Cybersecurity & Privacy,Strong_Growth,0.9,0.14506854,0.1305616870522499
JSON,2,0.826,XR & Interactive Media,Moderate_Growth,0.7,0.18554506,0.129881539940834
C#/.Net Core,1,0.823,Software Engineering Foundations,Moderate_Growth,0.6,0.21642104,0.1298526227474212
payment gateway,1,0.75,Automation & RPA,Moderate_Growth,0.5,0.25854504,0.1292725205421447
IT modernization,1,0.75,Automation & RPA,Moderate_Growth,0.5,0.2583168,0.1291584074497223
BGA,1,0.75,XR & Interactive Media,Moderate_Growth,0.7,0.18440107,0.1290807455778121
market structures,1,0.829,Software Engineering Foundations,Moderate_Growth,0.6,0.21494284,0.1289657056331634
electricity market structure,1,0.75,Green & Sustainable Tech,Moderate_Growth,0.55,0.232017,0.1276093475520611
ISA,1,0.532,XR & Interactive Media,Moderate_Growth,0.7,0.1820208,0.127414558827877
Next.js,2,0.829,XR & Interactive Media,Moderate_Growth,0.7,0.18079633,0.1265574276447296
oscilloscopes,1,0.828,Data & Analytics,Strong_Growth,0.9,0.14053257,0.1264793112874031
SSCC,1,0.831,Automation & RPA,Moderate_Growth,0.5,0.2515281,0.1257640570402145
in,1,0.532,Human–AI Collaboration & Prompting,Strong_Growth,0.95,0.1322925,0.1256778694689273
Visio,1,0.532,Human–AI Collaboration & Prompting,Strong_Growth,0.95,0.13225672,0.1256438806653022
application release,1,0.532,Software Engineering Foundations,Moderate_Growth,0.6,0.2089323,0.1253593772649765
Figma,1,0.75,XR & Interactive Media,Moderate_Growth,0.7,0.17878129,0.1251469001173973
vault logic,1,0.829,Software Engineering Foundations,Moderate_Growth,0.6,0.20850042,0.1251002490520477
GitLab CI,1,0.75,XR & Interactive Media,Moderate_Growth,0.7,0.17854762,0.1249833345413208
Behance,1,0.75,Human–AI Collaboration & Prompting,Strong_Growth,0.95,0.13138847,0.1248190470039844
energy,1,0.75,Green & Sustainable Tech,Moderate_Growth,0.55,0.22625826,0.1244420446455478
APAC,1,0.828,Automation & RPA,Moderate_Growth,0.5,0.24863674,0.1243183687329292
JIRA,1,0.75,Data & Analytics,Strong_Growth,0.9,0.1367893,0.1231103762984275
-to,1,0.532,Human–AI Collaboration & Prompting,Strong_Growth,0.95,0.12921311,0.1227524541318416
drone inspection tools,1,0.75,Automation & RPA,Moderate_Growth,0.5,0.24467479,0.1223373934626579
S4,1,0.532,XR & Interactive Media,Moderate_Growth,0.7,0.17424282,0.1219699770212173
Commerce,1,0.831,Automation & RPA,Moderate_Growth,0.5,0.24294215,0.1214710772037506
commerce,1,0.75,Automation & RPA,Moderate_Growth,0.5,0.24294207,0.121471032500267
TFLOPS,1,0.75,XR & Interactive Media,Moderate_Growth,0.7,0.17263964,0.1208477467298507
API Manager,1,0.828,Automation & RPA,Moderate_Growth,0.5,0.23908994,0.119544968008995
Warner Bros.,1,0.75,XR & Interactive Media,Moderate_Growth,0.7,0.17074867,0.1195240661501884
testing,2,0.641,Software Engineering Foundations,Moderate_Growth,0.6,0.19900995,0.119405972957611
Testing,1,0.532,Software Engineering Foundations,Moderate_Growth,0.6,0.19900993,0.1194059550762176
"+,",1,0.532,Human–AI Collaboration & Prompting,Strong_Growth,0.95,0.12550902,0.1192335724830627
Event Sourcing,1,0.829,Automation & RPA,Moderate_Growth,0.5,0.23811318,0.1190565899014473
Android,1,0.75,XR & Interactive Media,Moderate_Growth,0.7,0.17007673,0.1190537095069885
Runtime Manager,1,0.825,Automation & RPA,Moderate_Growth,0.5,0.237889,0.1189445033669471
ELT/ETL,1,0.75,Automation & RPA,Moderate_Growth,0.5,0.23767158,0.1188357919454574
AV equipment,1,0.75,Automation & RPA,Moderate_Growth,0.5,0.23682395,0.118411973118782
CAPEX investments,1,0.75,XR & Interactive Media,Moderate_Growth,0.7,0.16915792,0.1184105455875396
Thoracics,1,0.829,XR & Interactive Media,Moderate_Growth,0.7,0.16835599,0.1178491905331611
high-frequency trading (HFT) systems,1,0.827,Automation & RPA,Moderate_Growth,0.5,0.23507993,0.1175399646162986
React,2,0.7865,Human–AI Collaboration & Prompting,Strong_Growth,0.95,0.123153366,0.1169956978410482
royalty,1,0.532,AI & Machine Learning,Strong_Growth,1.0,0.11676771,0.1167677119374275
WAF,1,0.825,XR & Interactive Media,Moderate_Growth,0.7,0.16592212,0.116145484149456
NDC standards,1,0.75,Software Engineering Foundations,Moderate_Growth,0.6,0.19296923,0.1157815396785736
SLA,1,0.75,XR & Interactive Media,Moderate_Growth,0.7,0.16516766,0.115617361664772
Veterinary Technology,1,0.822,Automation & RPA,Moderate_Growth,0.5,0.23097317,0.1154865846037864
Mobile QA,1,0.75,Green & Sustainable Tech,Moderate_Growth,0.55,0.20978004,0.1153790205717087
derivatives,1,0.826,Data & Analytics,Strong_Growth,0.9,0.12799385,0.1151944667100906
Pub,1,0.532,XR & Interactive Media,Moderate_Growth,0.7,0.1642914,0.115003977715969
Go,1,0.75,Human–AI Collaboration & Prompting,Strong_Growth,0.95,0.120061606,0.1140585258603096
Plastics,1,0.827,Green & Sustainable Tech,Moderate_Growth,0.55,0.20716293,0.1139396123588085
EventStore,1,0.75,XR & Interactive Media,Moderate_Growth,0.7,0.16264176,0.1138492345809936
chain interoperability,1,0.75,Automation & RPA,Moderate_Growth,0.5,0.22613084,0.1130654215812683
society,1,0.75,Cloud & DevOps,Strong_Growth,0.85,0.1327964,0.112876945734024
cross,1,0.532,XR & Interactive Media,Moderate_Growth,0.7,0.1608266,0.1125786155462264
London Market,1,0.828,AI & Machine Learning,Strong_Growth,1.0,0.112557516,0.112557515501976
milk processing,1,0.75,Automation & RPA,Moderate_Growth,0.5,0.22475338,0.1123766899108886
wastewater treatment,1,0.75,Automation & RPA,Moderate_Growth,0.5,0.22459596,0.1122979819774627
SAP S/4HANA,1,0.75,Automation & RPA,Moderate_Growth,0.5,0.22444473,0.1122223660349845
material testing,1,0.826,Software Engineering Foundations,Moderate_Growth,0.6,0.18509367,0.1110562026500701
plumbing regulations,1,0.75,Automation & RPA,Moderate_Growth,0.5,0.22198729,0.1109936460852623
identity systems,1,0.532,Software Engineering Foundations,Moderate_Growth,0.6,0.18426643,0.1105598598718643
HPB,1,0.827,XR & Interactive Media,Moderate_Growth,0.7,0.15783647,0.1104855269193649
overhead electrical distribution systems,1,0.75,Green & Sustainable Tech,Moderate_Growth,0.55,0.20050666,0.1102786615490913
PAM,1,0.83,Human–AI Collaboration & Prompting,Strong_Growth,0.95,0.11599185,0.11019226051867
PUM,1,0.827,XR & Interactive Media,Moderate_Growth,0.7,0.15676747,0.1097372308373451
Xsolla Privacy Notice,1,0.75,Cybersecurity & Privacy,Strong_Growth,0.9,0.12176114,0.109585028886795
Anti,1,0.532,XR & Interactive Media,Moderate_Growth,0.7,0.1555424,0.1088796824216842
OTT video,1,0.75,XR & Interactive Media,Moderate_Growth,0.7,0.15530924,0.1087164714932441
nutritional technology,1,0.75,Green & Sustainable Tech,Moderate_Growth,0.55,0.19722159,0.1084718756377697
point of sale,1,0.75,XR & Interactive Media,Moderate_Growth,0.7,0.15379114,0.1076538011431694
ENT,1,0.828,XR & Interactive Media,Moderate_Growth,0.7,0.15242918,0.106700424849987
case studies,1,0.831,Automation & RPA,Moderate_Growth,0.5,0.21332802,0.1066640093922615
front,1,0.532,Human–AI Collaboration & Prompting,Strong_Growth,0.95,0.11200078,0.1064007394015789
live,2,0.532,XR & Interactive Media,Moderate_Growth,0.7,0.15175082,0.1062255725264549
uncertainty and risk,1,0.75,Cybersecurity & Privacy,Strong_Growth,0.9,0.11772949,0.1059565432369709
AECOM University,1,0.75,XR & Interactive Media,Moderate_Growth,0.7,0.15119137,0.1058339580893516
Regulatory,1,0.826,Automation & RPA,Moderate_Growth,0.5,0.21165755,0.1058287769556045
suppliers,1,0.75,Automation & RPA,Moderate_Growth,0.5,0.21059822,0.1052991077303886
capacity planning,2,0.7905,Green & Sustainable Tech,Moderate_Growth,0.55,0.19117339,0.105145364254713
incident response,1,0.75,Human–AI Collaboration & Prompting,Strong_Growth,0.95,0.11039062,0.1048710875213146
CD:,1,0.532,XR & Interactive Media,Moderate_Growth,0.7,0.14898118,0.1042868286371231
MuleSoft,2,0.6805,Automation & RPA,Moderate_Growth,0.5,0.20851023,0.1042551174759864
hydraulic equipment,1,0.831,Automation & RPA,Moderate_Growth,0.5,0.2077052,0.1038525998592376
sports betting apps,1,0.829,XR & Interactive Media,Moderate_Growth,0.7,0.14828521,0.1037996470928192
GitHub Actions,1,0.75,Automation & RPA,Moderate_Growth,0.5,0.2070928,0.1035464033484458
-stage,1,0.532,XR & Interactive Media,Moderate_Growth,0.7,0.14746821,0.1032277464866638
early-stage deal sourcing,1,0.75,Automation & RPA,Moderate_Growth,0.5,0.20591746,0.1029587313532829
Bradley.,1,0.532,Human–AI Collaboration & Prompting,Strong_Growth,0.95,0.10827271,0.1028590735048055
Spark,1,0.75,XR & Interactive Media,Moderate_Growth,0.7,0.14683063,0.102781443297863
Alation,1,0.75,XR & Interactive Media,Moderate_Growth,0.7,0.14580882,0.102066171169281
RAIMS,1,0.75,AI & Machine Learning,Strong_Growth,1.0,0.10171706,0.1017170622944831
therapeutic options,1,0.75,XR & Interactive Media,Moderate_Growth,0.7,0.14466003,0.101262018084526
SQS,1,0.75,Software Engineering Foundations,Moderate_Growth,0.6,0.16694377,0.1001662641763687
CPS,1,0.821,Automation & RPA,Moderate_Growth,0.5,0.20005558,0.1000277921557426
Aotearoa,1,0.75,XR & Interactive Media,Moderate_Growth,0.7,0.14263326,0.099843281507492
Bachelor's degree,1,0.532,Software Engineering Foundations,Moderate_Growth,0.6,0.16549951,0.0992997050285339
CD,1,0.532,XR & Interactive Media,Moderate_Growth,0.7,0.14077504,0.0985425278544425
optimisation,1,0.75,Software Engineering Foundations,Moderate_Growth,0.6,0.16408388,0.0984503298997879
SerDes,1,0.75,Cloud & DevOps,Strong_Growth,0.85,0.11528213,0.0979898132383823
textile materials,1,0.75,Software Engineering Foundations,Moderate_Growth,0.6,0.16241747,0.0974504828453064
Specialized Insurance,1,0.829,XR & Interactive Media,Moderate_Growth,0.7,0.13825747,0.0967802315950393
Enzyme,1,0.827,Automation & RPA,Moderate_Growth,0.5,0.19327888,0.0966394394636154
credit modelling,1,0.831,Software Engineering Foundations,Moderate_Growth,0.6,0.16064303,0.0963858157396316
message brokers,1,0.83,Automation & RPA,Moderate_Growth,0.5,0.19256712,0.0962835624814033
batteries,1,0.75,XR & Interactive Media,Moderate_Growth,0.7,0.1363189,0.0954232349991798
Ignition,1,0.75,XR & Interactive Media,Moderate_Growth,0.7,0.13621047,0.0953473299741745
Bachelor’s degree,3,0.532,Software Engineering Foundations,Moderate_Growth,0.6,0.15815765,0.0948945879936218
Vascular,1,0.827,Data & Analytics,Strong_Growth,0.9,0.10530939,0.0947784505784511
PowerBI,1,0.827,Green & Sustainable Tech,Moderate_Growth,0.55,0.17105491,0.0940802030265331
Transport,1,0.831,XR & Interactive Media,Moderate_Growth,0.7,0.13223478,0.0925643473863601
MuleSoft Anypoint Platform,1,0.75,Automation & RPA,Moderate_Growth,0.5,0.18451338,0.0922566875815391
ticketing system,1,0.826,Software Engineering Foundations,Moderate_Growth,0.6,0.15368441,0.0922106444835662
postmortems,1,0.75,Human–AI Collaboration & Prompting,Strong_Growth,0.95,0.096488066,0.0916636627167463
Delinea,1,0.831,Human–AI Collaboration & Prompting,Strong_Growth,0.95,0.09582165,0.091030566394329
Hexagonal,1,0.532,XR & Interactive Media,Moderate_Growth,0.7,0.12991461,0.0909402281045913
Airflow,1,0.75,Automation & RPA,Moderate_Growth,0.5,0.18028985,0.0901449248194694
PECR,1,0.75,Green & Sustainable Tech,Moderate_Growth,0.55,0.16322462,0.0897735424339771
Kafka,3,0.7759999999999999,Automation & RPA,Moderate_Growth,0.5,0.17895819,0.0894790962338447
teraflops,1,0.75,Cloud & DevOps,Strong_Growth,0.85,0.10508079,0.0893186721950769
absence,1,0.827,XR & Interactive Media,Moderate_Growth,0.7,0.12723032,0.0890612214803695
message queue technology,1,0.831,Automation & RPA,Moderate_Growth,0.5,0.17787726,0.0889386311173439
Google Play Store,1,0.75,XR & Interactive Media,Moderate_Growth,0.7,0.12594925,0.0881644740700721
Collibra,1,0.75,XR & Interactive Media,Moderate_Growth,0.7,0.1256151,0.0879305735230445
SAFTs,1,0.828,Automation & RPA,Moderate_Growth,0.5,0.17473304,0.0873665213584899
RMN technology,1,0.75,Green & Sustainable Tech,Moderate_Growth,0.55,0.1562927,0.0859609887003898
early,1,0.532,Human–AI Collaboration & Prompting,Strong_Growth,0.95,0.08982864,0.0853372082114219
FastAPI,1,0.819,XR & Interactive Media,Moderate_Growth,0.7,0.11992978,0.0839508481323719
Agricultural Policy,1,0.829,Green & Sustainable Tech,Moderate_Growth,0.55,0.15098855,0.0830437019467353
DTS Helpdesk system,1,0.75,Automation & RPA,Moderate_Growth,0.5,0.16447562,0.0822378098964691
CUDA,1,0.831,XR & Interactive Media,Moderate_Growth,0.7,0.11692255,0.0818457849323749
BTC liquidity,1,0.75,XR & Interactive Media,Moderate_Growth,0.7,0.116337225,0.0814360573887825
airworthiness authorities,1,0.831,Software Engineering Foundations,Moderate_Growth,0.6,0.13535546,0.0812132745981216
real,1,0.532,XR & Interactive Media,Moderate_Growth,0.7,0.11538935,0.0807725429534912
high,1,0.532,XR & Interactive Media,Moderate_Growth,0.7,0.112869605,0.0790087237954139
multimeters,1,0.829,AI & Machine Learning,Strong_Growth,1.0,0.07893043,0.0789304301142692
part numbers,1,0.75,Cybersecurity & Privacy,Strong_Growth,0.9,0.0857132,0.0771418802440166
online payments,1,0.75,Automation & RPA,Moderate_Growth,0.5,0.15096478,0.07548239082098
ESG metrics,1,0.829,Software Engineering Foundations,Moderate_Growth,0.6,0.12220474,0.0733228459954261
WiFi,1,0.83,Green & Sustainable Tech,Moderate_Growth,0.55,0.13188645,0.0725375488400459
HNC qualification,1,0.532,Automation & RPA,Moderate_Growth,0.5,0.14214888,0.071074441075325
vehicle configurator,1,0.75,Automation & RPA,Moderate_Growth,0.5,0.14049849,0.0702492445707321
NZ,1,0.532,Green & Sustainable Tech,Moderate_Growth,0.55,0.12256017,0.0674080953001976
Nottingham Centre for Transgender Health,1,0.75,Automation & RPA,Moderate_Growth,0.5,0.1340807,0.0670403465628624
touch sensing technologies,1,0.829,Green & Sustainable Tech,Moderate_Growth,0.55,0.1175608,0.0646584380418062
payments,1,0.75,Automation & RPA,Moderate_Growth,0.5,0.12827517,0.0641375854611396
next-gen payments,1,0.75,Automation & RPA,Moderate_Growth,0.5,0.1273529,0.0636764466762542
endometriosis,1,0.75,Cloud & DevOps,Strong_Growth,0.85,0.07260625,0.0617153130471706
lending,1,0.831,Automation & RPA,Moderate_Growth,0.5,0.12334226,0.0616711303591728
international law,1,0.75,AI & Machine Learning,Strong_Growth,1.0,0.061380055,0.0613800548017025
demand response market,1,0.831,Green & Sustainable Tech,Moderate_Growth,0.55,0.105100535,0.0578052941709756
-BGA,1,0.532,XR & Interactive Media,Moderate_Growth,0.7,0.08153777,0.0570764377713203
Ring Road,1,0.831,Automation & RPA,Moderate_Growth,0.5,0.11343256,0.0567162781953811
Gitlab Runners,1,0.75,Cloud & DevOps,Strong_Growth,0.85,0.064951286,0.0552085928618907
Customer Acquisition Cost (CAC),1,0.75,Automation & RPA,Moderate_Growth,0.5,0.11009656,0.0550482794642448
arrest warrants,1,0.827,Automation & RPA,Moderate_Growth,0.5,0.10438372,0.0521918609738349
back,3,0.532,Data & Analytics,Strong_Growth,0.9,0.053968325,0.0485714927315712
payout options,1,0.75,Automation & RPA,Moderate_Growth,0.5,0.093808465,0.046904232352972
Churn Rate,1,0.75,Automation & RPA,Moderate_Growth,0.5,0.09122552,0.0456127598881721
macroscopic flow of liquids,1,0.75,Automation & RPA,Moderate_Growth,0.5,0.08366586,0.0418329313397407
triple bidding process,1,0.83,XR & Interactive Media,Moderate_Growth,0.7,0.054438144,0.0381067007780075
Nerdio,1,0.75,Automation & RPA,Moderate_Growth,0.5,0.07537308,0.0376865416765213
Presales,1,0.831,Automation & RPA,Moderate_Growth,0.5,0.06615572,0.0330778583884239
microscopic motion of atoms,1,0.75,XR & Interactive Media,Moderate_Growth,0.7,0.0445204,0.0311642803251743
NZ Driver's License,1,0.75,Basic Web 1.0 Development,Decline,-0.4,0.026261946,-0.0105047784745693
Thycotic,1,0.831,Basic Web 1.0 Development,Decline,-0.4,0.031083724,-0.0124334894120693
Orbis Order Comms,1,0.75,Low-Creativity Routine Coding,Decline,-0.3,0.07948321,-0.023844963312149
Junifer,1,0.827,Low-Creativity Routine Coding,Decline,-0.3,0.08373285,-0.0251198552548885
Dribbble,1,0.75,Low-Creativity Routine Coding,Decline,-0.3,0.084115,-0.0252344995737075
Jest,1,0.826,Low-Creativity Routine Coding,Decline,-0.3,0.09705571,-0.0291167132556438
Customer Lifetime Value (CLTV),1,0.75,Low-Creativity Routine Coding,Decline,-0.3,0.103082515,-0.030924754589796
RAML,1,0.831,Low-Creativity Routine Coding,Decline,-0.3,0.10449076,-0.0313472270965576
Block products,1,0.75,Low-Creativity Routine Coding,Decline,-0.3,0.11540337,-0.0346210107207298
TANF,1,0.75,Low-Creativity Routine Coding,Decline,-0.3,0.117175885,-0.0351527653634548
JWT,1,0.75,Low-Creativity Routine Coding,Decline,-0.3,0.12696071,-0.0380882129073142
commercial policy,1,0.75,Low-Creativity Routine Coding,Decline,-0.3,0.13753657,-0.0412609711289405
Runners.,1,0.532,Traditional Office & Routine Tasks,Decline,-0.6,0.07016646,-0.0420998767018318
baffles,1,0.826,Low-Creativity Routine Coding,Decline,-0.3,0.14495559,-0.0434866771101951
/,15,0.532,Low-Creativity Routine Coding,Decline,-0.3,0.1485593,-0.0445677906274795
James Webb Space Telescope,1,0.75,Basic Web 1.0 Development,Decline,-0.4,0.1135236,-0.0454094409942626
card issuing,1,0.75,Low-Creativity Routine Coding,Decline,-0.3,0.15433651,-0.0463009536266326
chemicals,1,0.75,Low-Creativity Routine Coding,Decline,-0.3,0.15654127,-0.0469623818993568
client marketing,1,0.75,Low-Creativity Routine Coding,Decline,-0.3,0.15978757,-0.0479362696409225
MongoDB,2,0.75,Basic Web 1.0 Development,Decline,-0.4,0.12074204,-0.0482968151569366
jQuery,1,0.822,Basic Web 1.0 Development,Decline,-0.4,0.12162118,-0.0486484706401824
Pytest,1,0.75,Low-Creativity Routine Coding,Decline,-0.3,0.16791072,-0.0503732174634933
OAuth 2.0,1,0.75,Basic Web 1.0 Development,Decline,-0.4,0.12685095,-0.0507403790950775
NLP,1,0.75,Low-Creativity Routine Coding,Decline,-0.3,0.17018178,-0.0510545343160629
post,1,0.532,Low-Creativity Routine Coding,Decline,-0.3,0.17044488,-0.0511334627866745
electrical distribution system design,1,0.831,Basic Web 1.0 Development,Decline,-0.4,0.12803023,-0.0512120902538299
sponsored content,1,0.75,Low-Creativity Routine Coding,Decline,-0.3,0.17123462,-0.0513703867793083
"testing,",1,0.532,Low-Creativity Routine Coding,Decline,-0.3,0.17469034,-0.0524071007966995
GEN,1,0.532,Low-Creativity Routine Coding,Decline,-0.3,0.17510828,-0.052532485127449
flip,1,0.532,Low-Creativity Routine Coding,Decline,-0.3,0.17784351,-0.0533530533313751
scale,1,0.532,Traditional Office & Routine Tasks,Decline,-0.6,0.08913558,-0.0534813478589057
CD best practices.,1,0.532,Low-Creativity Routine Coding,Decline,-0.3,0.18514822,-0.0555444672703743
mobile app,1,0.75,Basic Web 1.0 Development,Decline,-0.4,0.14276658,-0.0571066319942474
drug discovery,1,0.75,Traditional Office & Routine Tasks,Decline,-0.6,0.09968892,-0.0598133504390716
update,1,0.83,Low-Creativity Routine Coding,Decline,-0.3,0.20072305,-0.0602169156074523
Angular,2,0.7855,Basic Web 1.0 Development,Decline,-0.4,0.15592533,-0.0623701333999633
Angular.js,1,0.831,Basic Web 1.0 Development,Decline,-0.4,0.15605256,-0.0624210238456726
Drivers Licence,1,0.75,Traditional Office & Routine Tasks,Decline,-0.6,0.10587767,-0.0635266005992889
online booking,1,0.75,Basic Web 1.0 Development,Decline,-0.4,0.16005902,-0.064023607969284
Driver's License,1,0.532,Traditional Office & Routine Tasks,Decline,-0.6,0.10791379,-0.0647482752799987
Vue.js,1,0.83,Basic Web 1.0 Development,Decline,-0.4,0.16263233,-0.0650529325008392
ReactJS,1,0.831,Basic Web 1.0 Development,Decline,-0.4,0.16412589,-0.0656503558158874
React.js,2,0.829,Basic Web 1.0 Development,Decline,-0.4,0.16464682,-0.0658587276935577
Clinical Development,1,0.828,Low-Creativity Routine Coding,Decline,-0.3,0.2198519,-0.0659555688500404
jewelry design,1,0.83,Low-Creativity Routine Coding,Decline,-0.3,0.22215736,-0.0666472077369689
cylinders,1,0.831,Traditional Office & Routine Tasks,Decline,-0.6,0.11630849,-0.0697850927710533
flip-chip,1,0.75,Low-Creativity Routine Coding,Decline,-0.3,0.23797056,-0.0713911682367324
Epic Ambulatory,1,0.75,Low-Creativity Routine Coding,Decline,-0.3,0.24373762,-0.0731212869286537
Nginx,1,0.75,Basic Web 1.0 Development,Decline,-0.4,0.18426064,-0.0737042546272277
medical innovation,1,0.75,Low-Creativity Routine Coding,Decline,-0.3,0.24867143,-0.0746014282107353
construction,1,0.826,Low-Creativity Routine Coding,Decline,-0.3,0.25572985,-0.0767189562320709
clinical trials,1,0.827,Traditional Office & Routine Tasks,Decline,-0.6,0.12810077,-0.0768604606389999
PeopleSoft maintenance,1,0.83,Low-Creativity Routine Coding,Decline,-0.3,0.25726223,-0.07717866897583
Product Management,1,0.75,Low-Creativity Routine Coding,Decline,-0.3,0.25891766,-0.0776752978563308
Endoscopy,1,0.831,Traditional Office & Routine Tasks,Decline,-0.6,0.1299324,-0.0779594421386718
OneStream platform,1,0.75,Basic Web 1.0 Development,Decline,-0.4,0.19496723,-0.0779868900775909
Code de conduite,1,0.75,Low-Creativity Routine Coding,Decline,-0.3,0.26378658,-0.079135975241661
Spring Boot,2,0.831,Traditional Office & Routine Tasks,Decline,-0.6,0.13276726,-0.0796603560447692
Orology,1,0.828,Traditional Office & Routine Tasks,Decline,-0.6,0.13292654,-0.0797559231519699
product innovation,1,0.75,Low-Creativity Routine Coding,Decline,-0.3,0.27538344,-0.0826150327920913
reporting solutions,1,0.75,Low-Creativity Routine Coding,Decline,-0.3,0.27823973,-0.0834719181060791
General Surgery,1,0.828,Traditional Office & Routine Tasks,Decline,-0.6,0.1411046,-0.0846627563238143
consumer behaviour,1,0.75,Traditional Office & Routine Tasks,Decline,-0.6,0.14124751,-0.0847485065460205
food preparation,1,0.828,Traditional Office & Routine Tasks,Decline,-0.6,0.14208943,-0.0852536559104919
style guidelines,1,0.827,Basic Web 1.0 Development,Decline,-0.4,0.21381156,-0.0855246245861053
vehicle delivery management,1,0.829,Traditional Office & Routine Tasks,Decline,-0.6,0.14761916,-0.0885714948177337
Product Design,1,0.75,Low-Creativity Routine Coding,Decline,-0.3,0.29858178,-0.089574533700943
blended ad-organic formats,1,0.75,Basic Web 1.0 Development,Decline,-0.4,0.22588788,-0.0903551518917083
MS Project/Asta,1,0.75,Basic Web 1.0 Development,Decline,-0.4,0.22795933,-0.0911837339401245
Tableau,1,0.823,Basic Web 1.0 Development,Decline,-0.4,0.23005962,-0.0920238494873046
leases,1,0.75,Traditional Office & Routine Tasks,Decline,-0.6,0.15471002,-0.0928260147571563
innovation,2,0.75,Low-Creativity Routine Coding,Decline,-0.3,0.31011838,-0.0930355131626129
accruals,1,0.75,Traditional Office & Routine Tasks,Decline,-0.6,0.15525387,-0.0931523233652114
RESTful APIs,2,0.829,Basic Web 1.0 Development,Decline,-0.4,0.23748134,-0.0949925363063812
dashboards,1,0.75,Basic Web 1.0 Development,Decline,-0.4,0.2381893,-0.0952757179737091
real-time dashboards,1,0.75,Basic Web 1.0 Development,Decline,-0.4,0.23883225,-0.0955329000949859
.NET Core,1,0.831,Basic Web 1.0 Development,Decline,-0.4,0.24063705,-0.0962548196315765
Orthopaedics,1,0.829,Traditional Office & Routine Tasks,Decline,-0.6,0.16266708,-0.0976002484560012
Paediatrics,1,0.829,Traditional Office & Routine Tasks,Decline,-0.6,0.1638076,-0.0982845604419708
REST,2,0.641,Traditional Office & Routine Tasks,Decline,-0.6,0.16456632,-0.0987397938966751
TypeScript,2,0.8265,Traditional Office & Routine Tasks,Decline,-0.6,0.16527306,-0.0991638332605362
G Class Ontario,1,0.532,Traditional Office & Routine Tasks,Decline,-0.6,0.1674664,-0.1004798412322998
Patient Safety,1,0.831,Traditional Office & Routine Tasks,Decline,-0.6,0.16964303,-0.1017858177423477
patch deployments,1,0.75,Low-Creativity Routine Coding,Decline,-0.3,0.3425808,-0.1027742385864257
"customer support,",1,0.532,Traditional Office & Routine Tasks,Decline,-0.6,0.17534298,-0.1052057862281799
Global Medical,1,0.75,Traditional Office & Routine Tasks,Decline,-0.6,0.17737037,-0.106422221660614
NodeJS,2,0.8305,Basic Web 1.0 Development,Decline,-0.4,0.26706454,-0.1068258166313171
corporate treasury,1,0.75,Traditional Office & Routine Tasks,Decline,-0.6,0.17887032,-0.1073221921920776
CSS3,1,0.827,Basic Web 1.0 Development,Decline,-0.4,0.26963148,-0.1078525900840759
PDF,1,0.75,Traditional Office & Routine Tasks,Decline,-0.6,0.18045858,-0.1082751452922821
mobile,1,0.532,Traditional Office & Routine Tasks,Decline,-0.6,0.18269886,-0.109619316458702
MySQL,1,0.75,Basic Web 1.0 Development,Decline,-0.4,0.27514255,-0.1100570201873779
JavaScript,2,0.823,Basic Web 1.0 Development,Decline,-0.4,0.27673638,-0.1106945514678955
in-store,1,0.75,Traditional Office & Routine Tasks,Decline,-0.6,0.18492115,-0.1109526872634887
Agile,1,0.831,Low-Creativity Routine Coding,Decline,-0.3,0.37196645,-0.1115899354219436
agile,1,0.831,Low-Creativity Routine Coding,Decline,-0.3,0.37196645,-0.1115899354219436
API-first architecture,1,0.75,Basic Web 1.0 Development,Decline,-0.4,0.2794956,-0.1117982387542724
Demand,1,0.827,Traditional Office & Routine Tasks,Decline,-0.6,0.18722333,-0.1123339980840683
".Net,",1,0.532,Basic Web 1.0 Development,Decline,-0.4,0.28206477,-0.1128259062767028
storage,1,0.75,Traditional Office & Routine Tasks,Decline,-0.6,0.18832977,-0.1129978626966476
turnover,1,0.828,Traditional Office & Routine Tasks,Decline,-0.6,0.1897038,-0.1138222843408584
fraud management,1,0.75,Traditional Office & Routine Tasks,Decline,-0.6,0.18978274,-0.1138696432113647
IBM Sterling,1,0.829,Traditional Office & Routine Tasks,Decline,-0.6,0.18981196,-0.1138871759176254
contract,1,0.831,Traditional Office & Routine Tasks,Decline,-0.6,0.19029617,-0.1141777038574218
live projects,1,0.75,Low-Creativity Routine Coding,Decline,-0.3,0.38180524,-0.1145415723323822
design innovation,1,0.75,Low-Creativity Routine Coding,Decline,-0.3,0.38374272,-0.1151228159666061
messaging systems,1,0.831,Traditional Office & Routine Tasks,Decline,-0.6,0.19274497,-0.1156469821929931
Java,3,0.8019999999999999,Basic Web 1.0 Development,Decline,-0.4,0.28950024,-0.1158000946044922
royalty-based businesses,1,0.75,Traditional Office & Routine Tasks,Decline,-0.6,0.19316119,-0.115896713733673
customer specifications,1,0.75,Traditional Office & Routine Tasks,Decline,-0.6,0.19378273,-0.116269639134407
Temporal,2,0.75,Traditional Office & Routine Tasks,Decline,-0.6,0.19859418,-0.1191565096378326
server architecture,1,0.75,Basic Web 1.0 Development,Decline,-0.4,0.30085737,-0.1203429460525512
DataWeave,1,0.831,Basic Web 1.0 Development,Decline,-0.4,0.3016022,-0.1206408858299255
store submissions,1,0.532,Traditional Office & Routine Tasks,Decline,-0.6,0.20200339,-0.1212020337581634
prepaids,1,0.75,Traditional Office & Routine Tasks,Decline,-0.6,0.20335944,-0.1220156639814376
State Government,1,0.831,Traditional Office & Routine Tasks,Decline,-0.6,0.20386986,-0.1223219186067581
C#/.Net,1,0.75,Basic Web 1.0 Development,Decline,-0.4,0.30772275,-0.1230890989303589
content-driven businesses,1,0.75,Basic Web 1.0 Development,Decline,-0.4,0.30881518,-0.1235260725021362
accessibility best practices,1,0.83,Traditional Office & Routine Tasks,Decline,-0.6,0.2069884,-0.1241930365562438
Monthly Recurring Revenue (MRR),1,0.75,Traditional Office & Routine Tasks,Decline,-0.6,0.20895235,-0.1253714114427566
-M methodology.,1,0.532,Traditional Office & Routine Tasks,Decline,-0.6,0.2093467,-0.125608018040657
Walmart’s accessibility standards and guidelines,1,0.75,Traditional Office & Routine Tasks,Decline,-0.6,0.2110184,-0.1266110390424728
Node.js,3,0.7999999999999999,Basic Web 1.0 Development,Decline,-0.4,0.31666455,-0.1266658186912536
.NET,1,0.828,Basic Web 1.0 Development,Decline,-0.4,0.31802103,-0.127208411693573
holistic approach to care,1,0.75,Traditional Office & Routine Tasks,Decline,-0.6,0.21381617,-0.1282896995544433
inventory management,1,0.75,Traditional Office & Routine Tasks,Decline,-0.6,0.21487586,-0.1289255172014236
Radiology Services,1,0.75,Traditional Office & Routine Tasks,Decline,-0.6,0.21595778,-0.1295746654272079
SharePoint,1,0.75,Basic Web 1.0 Development,Decline,-0.4,0.32429352,-0.1297174096107483
kitchen hygiene,1,0.75,Traditional Office & Routine Tasks,Decline,-0.6,0.21678913,-0.1300734758377075
creative experimentation,1,0.827,Low-Creativity Routine Coding,Decline,-0.3,0.43431267,-0.1302938014268875
"-time dashboards,",1,0.532,Traditional Office & Routine Tasks,Decline,-0.6,0.21783671,-0.1307020246982574
Inventory,1,0.824,Traditional Office & Routine Tasks,Decline,-0.6,0.2184265,-0.1310558974742889
inventory,1,0.75,Traditional Office & Routine Tasks,Decline,-0.6,0.2184265,-0.1310558974742889
Sales CRM,1,0.831,Traditional Office & Routine Tasks,Decline,-0.6,0.21850675,-0.1311040520668029
flexibility products,1,0.75,Traditional Office & Routine Tasks,Decline,-0.6,0.22036584,-0.1322195023298263
Apache,1,0.75,Basic Web 1.0 Development,Decline,-0.4,0.33149529,-0.1325981140136718
PHP,1,0.75,Basic Web 1.0 Development,Decline,-0.4,0.3316673,-0.1326669216156006
"Programming,",1,0.532,Low-Creativity Routine Coding,Decline,-0.3,0.446248,-0.1338743984699249
Employment Eligibility Verification (Form I-9),1,0.75,Traditional Office & Routine Tasks,Decline,-0.6,0.2232348,-0.1339408814907074
traditional cooking methods,1,0.75,Traditional Office & Routine Tasks,Decline,-0.6,0.22364187,-0.1341851234436035
drawing and document templates,1,0.827,Basic Web 1.0 Development,Decline,-0.4,0.3373674,-0.1349469542503357
electrical competence,1,0.75,Traditional Office & Routine Tasks,Decline,-0.6,0.22551094,-0.1353065639734268
Community-Based Care,1,0.75,Traditional Office & Routine Tasks,Decline,-0.6,0.22628464,-0.135770782828331
dbt,1,0.75,Traditional Office & Routine Tasks,Decline,-0.6,0.22780699,-0.1366841912269592
retail sector,1,0.75,Traditional Office & Routine Tasks,Decline,-0.6,0.22958916,-0.1377534985542297
service scheduling,1,0.75,Traditional Office & Routine Tasks,Decline,-0.6,0.23251097,-0.1395065814256668
data modeling,1,0.826,Traditional Office & Routine Tasks,Decline,-0.6,0.23263665,-0.1395819872617721
front end systems,1,0.75,Basic Web 1.0 Development,Decline,-0.4,0.35035372,-0.140141487121582
relationship management,1,0.831,Traditional Office & Routine Tasks,Decline,-0.6,0.23403624,-0.1404217422008514
financial instruments,1,0.829,Traditional Office & Routine Tasks,Decline,-0.6,0.23708001,-0.1422480046749115
customer experience,1,0.75,Traditional Office & Routine Tasks,Decline,-0.6,0.23818585,-0.1429115116596221
overhead and,1,0.532,Traditional Office & Routine Tasks,Decline,-0.6,0.23841287,-0.1430477231740951
finishing,1,0.75,Traditional Office & Routine Tasks,Decline,-0.6,0.24000114,-0.1440006852149963
Financial Services industry,1,0.827,Traditional Office & Routine Tasks,Decline,-0.6,0.2427693,-0.1456615805625915
gas equipment,1,0.75,Traditional Office & Routine Tasks,Decline,-0.6,0.24388601,-0.1463316053152084
clean code,1,0.831,Low-Creativity Routine Coding,Decline,-0.3,0.48876512,-0.1466295361518859
SAP SuccessFactors,1,0.75,Traditional Office & Routine Tasks,Decline,-0.6,0.24824157,-0.1489449441432953
modern,1,0.532,Traditional Office & Routine Tasks,Decline,-0.6,0.2498291,-0.1498974591493606
Excel,1,0.831,Traditional Office & Routine Tasks,Decline,-0.6,0.25144854,-0.1508691251277923
commercial standards,1,0.75,Traditional Office & Routine Tasks,Decline,-0.6,0.25208503,-0.1512510180473327
Copilot,2,0.641,Traditional Office & Routine Tasks,Decline,-0.6,0.25513443,-0.1530806601047515
data storage,1,0.75,Traditional Office & Routine Tasks,Decline,-0.6,0.25671506,-0.1540290355682373
audit and compliance,1,0.75,Traditional Office & Routine Tasks,Decline,-0.6,0.25688472,-0.1541308343410491
internal websites,1,0.75,Basic Web 1.0 Development,Decline,-0.4,0.3863352,-0.1545340776443481
performance characteristics,1,0.75,Traditional Office & Routine Tasks,Decline,-0.6,0.25765005,-0.1545900285243988
web services,1,0.75,Basic Web 1.0 Development,Decline,-0.4,0.38863733,-0.155454933643341
business models,1,0.75,Traditional Office & Routine Tasks,Decline,-0.6,0.2597712,-0.1558627188205719
professional lighting,1,0.75,Traditional Office & Routine Tasks,Decline,-0.6,0.26032364,-0.1561941862106323
Travel Assistance,1,0.75,Traditional Office & Routine Tasks,Decline,-0.6,0.2608437,-0.1565062165260315
costings,1,0.75,Traditional Office & Routine Tasks,Decline,-0.6,0.26106435,-0.1566386103630065
"full lifecycle,",1,0.532,Traditional Office & Routine Tasks,Decline,-0.6,0.2618272,-0.1570963203907013
consultancy,1,0.75,Traditional Office & Routine Tasks,Decline,-0.6,0.26778588,-0.1606715261936187
modern frontend engineering,1,0.532,Basic Web 1.0 Development,Decline,-0.4,0.40343428,-0.1613737106323242
clinical KPIs,1,0.75,Traditional Office & Routine Tasks,Decline,-0.6,0.27085334,-0.1625120043754577
wellbeing insights platform,1,0.75,Traditional Office & Routine Tasks,Decline,-0.6,0.2710407,-0.1626244246959686
workplace safety,1,0.75,Traditional Office & Routine Tasks,Decline,-0.6,0.27213457,-0.1632807433605194
management reporting,1,0.75,Traditional Office & Routine Tasks,Decline,-0.6,0.27432236,-0.1645934164524078
backend development,1,0.829,Basic Web 1.0 Development,Decline,-0.4,0.4118957,-0.1647582769393921
industry standards,1,0.75,Traditional Office & Routine Tasks,Decline,-0.6,0.2776601,-0.1665960609912872
JavaScript frameworks,1,0.532,Basic Web 1.0 Development,Decline,-0.4,0.41868407,-0.1674736261367798
Oracle,2,0.75,Traditional Office & Routine Tasks,Decline,-0.6,0.28177118,-0.1690627098083496
audits,1,0.75,Traditional Office & Routine Tasks,Decline,-0.6,0.28649193,-0.171895158290863
HR KPIs,1,0.829,Traditional Office & Routine Tasks,Decline,-0.6,0.29276288,-0.1756577253341674
web,1,0.75,Basic Web 1.0 Development,Decline,-0.4,0.44256702,-0.1770268082618713
change management,1,0.831,Traditional Office & Routine Tasks,Decline,-0.6,0.29533595,-0.1772015690803527
HR,1,0.826,Traditional Office & Routine Tasks,Decline,-0.6,0.2955284,-0.1773170471191406
HTML5,1,0.75,Basic Web 1.0 Development,Decline,-0.4,0.44838706,-0.1793548226356506
database,2,0.75,Traditional Office & Routine Tasks,Decline,-0.6,0.29937175,-0.1796230494976043
Workato,1,0.83,Traditional Office & Routine Tasks,Decline,-0.6,0.29961324,-0.1797679424285888
-driven businesses,1,0.532,Traditional Office & Routine Tasks,Decline,-0.6,0.30194312,-0.181165874004364
activity reporting,1,0.831,Traditional Office & Routine Tasks,Decline,-0.6,0.30909336,-0.1854560136795044
web-based systems,1,0.823,Basic Web 1.0 Development,Decline,-0.4,0.46690354,-0.1867614150047302
professional,1,0.532,Traditional Office & Routine Tasks,Decline,-0.6,0.3115435,-0.1869260966777801
mechanical competence,1,0.75,Traditional Office & Routine Tasks,Decline,-0.6,0.31425154,-0.1885509252548217
database concepts,1,0.75,Traditional Office & Routine Tasks,Decline,-0.6,0.31690565,-0.1901433885097503
scheduling,1,0.75,Traditional Office & Routine Tasks,Decline,-0.6,0.31737557,-0.1904253423213958
database application,1,0.831,Traditional Office & Routine Tasks,Decline,-0.6,0.32236454,-0.1934187233448028
lifecycle management,1,0.828,Traditional Office & Routine Tasks,Decline,-0.6,0.3232041,-0.1939224600791931
traditional,1,0.532,Traditional Office & Routine Tasks,Decline,-0.6,0.32858577,-0.1971514642238616
Sales and Operations Planning,1,0.831,Traditional Office & Routine Tasks,Decline,-0.6,0.33944932,-0.2036695897579193
"finishing, and performance characteristics.",1,0.532,Traditional Office & Routine Tasks,Decline,-0.6,0.34373593,-0.2062415599822998
database applications,1,0.831,Traditional Office & Routine Tasks,Decline,-0.6,0.3509623,-0.2105773866176605
operational technology,1,0.75,Traditional Office & Routine Tasks,Decline,-0.6,0.35102615,-0.2106156885623931
contract management,1,0.75,Traditional Office & Routine Tasks,Decline,-0.6,0.3523965,-0.2114378929138183
business workflow,1,0.75,Traditional Office & Routine Tasks,Decline,-0.6,0.36504674,-0.2190280437469482
SQL database administration,1,0.831,Traditional Office & Routine Tasks,Decline,-0.6,0.36828464,-0.2209707856178283
data management practice,1,0.827,Traditional Office & Routine Tasks,Decline,-0.6,0.3743737,-0.2246242225170135
contract administration,1,0.831,Traditional Office & Routine Tasks,Decline,-0.6,0.39420158,-0.2365209460258484
Standard Operating Procedures,1,0.75,Traditional Office & Routine Tasks,Decline,-0.6,0.40353948,-0.2421236872673034
Workplace Ergonomics Program,1,0.75,Traditional Office & Routine Tasks,Decline,-0.6,0.41341028,-0.2480461657047271
staff management,1,0.75,Traditional Office & Routine Tasks,Decline,-0.6,0.41696966,-0.2501817941665649
administrative processes,1,0.831,Traditional Office & Routine Tasks,Decline,-0.6,0.43589175,-0.2615350484848022
MS Office,1,0.75,Traditional Office & Routine Tasks,Decline,-0.6,0.54378796,-0.3262727737426757
"AI integration,",1,0.532,,,,,
AI-assisted engineering,1,0.75,,,,,
Admin,1,0.75,,,,,
Azure DevOps pipelines,1,0.82,,,,,
CIOB,1,0.75,,,,,
Cline,1,0.75,,,,,
Dayforce HCM platform,1,0.75,,,,,
Department of Conservation Te Papa Atawhai,1,0.75,,,,,
Domain-driven design,1,0.75,,,,,
G Class Ontario driver’s licence,1,0.75,,,,,
Gilda's Club,1,0.75,,,,,
Instrumentation & Control,1,0.75,,,,,
Kairoi,1,0.75,,,,,
New Zealand Financial Intelligence Unit,1,0.75,,,,,
Platform App Builder,1,0.75,,,,,
Platform Developer,1,0.75,,,,,
"Product Management,",1,0.532,,,,,
RIBA,1,0.75,,,,,
RooCode,1,0.75,,,,,
"Segmentation Strategy,",1,0.532,,,,,
Te Oranga o te Ao Turoa,1,0.75,,,,,
"analytics,",1,0.532,,,,,
applicable law,1,0.75,,,,,
application / Tools upgrades,1,0.831,,,,,
artwork,1,0.75,,,,,
change assistant,1,0.83,,,,,
clinical candidates,1,0.75,,,,,
cyber control processes,1,0.75,,,,,
data protection standards,1,0.75,,,,,
data protection strategies,1,0.75,,,,,
"data,",1,0.532,,,,,
digital techniques,1,0.75,,,,,
glass systems,1,0.75,,,,,
hand-drawn techniques,1,0.75,,,,,
hotel sector,1,0.75,,,,,
manufacturing process design,1,0.75,,,,,
office sector,1,0.75,,,,,
port projects,1,0.75,,,,,
power delivery,1,0.75,,,,,
preclinical candidates,1,0.75,,,,,
"predictive risk models,",1,0.532,,,,,
production improvement,1,0.75,,,,,
real-time large-scale systems,1,0.75,,,,,
sales support,1,0.75,,,,,
"scientific software development,",1,0.532,,,,,
smart contract interactions,1,0.75,,,,,
specialised property types,1,0.75,,,,,
systems management,1,0.75,,,,,
traditional finance,1,0.75,,,,,
